-- MySQL dump 10.13  Distrib 8.0.19, for Win64 (x86_64)
--
-- Host: localhost    Database: javaconnect
-- ------------------------------------------------------
-- Server version	8.0.17

/*!40101 SET @OLD_CHARACTER_SET_CLIENT=@@CHARACTER_SET_CLIENT */;
/*!40101 SET @OLD_CHARACTER_SET_RESULTS=@@CHARACTER_SET_RESULTS */;
/*!40101 SET @OLD_COLLATION_CONNECTION=@@COLLATION_CONNECTION */;
/*!50503 SET NAMES utf8mb4 */;
/*!40103 SET @OLD_TIME_ZONE=@@TIME_ZONE */;
/*!40103 SET TIME_ZONE='+00:00' */;
/*!40014 SET @OLD_UNIQUE_CHECKS=@@UNIQUE_CHECKS, UNIQUE_CHECKS=0 */;
/*!40014 SET @OLD_FOREIGN_KEY_CHECKS=@@FOREIGN_KEY_CHECKS, FOREIGN_KEY_CHECKS=0 */;
/*!40101 SET @OLD_SQL_MODE=@@SQL_MODE, SQL_MODE='NO_AUTO_VALUE_ON_ZERO' */;
/*!40111 SET @OLD_SQL_NOTES=@@SQL_NOTES, SQL_NOTES=0 */;

--
-- Table structure for table `movie`
--

DROP TABLE IF EXISTS `movie`;
/*!40101 SET @saved_cs_client     = @@character_set_client */;
/*!50503 SET character_set_client = utf8mb4 */;
CREATE TABLE `movie` (
  `movie_id` int(11) DEFAULT NULL,
  `movie_name` varchar(64) DEFAULT NULL,
  `image_url` varchar(256) DEFAULT NULL,
  `year` int(11) DEFAULT NULL,
  `age` varchar(50) DEFAULT NULL,
  `movie_long` int(11) DEFAULT NULL,
  `movie_category_Romance` int(11) DEFAULT NULL,
  `movie_category_Comedy` int(11) DEFAULT NULL,
  `movie_category_Drama` int(11) DEFAULT NULL,
  `movie_category_Action` int(11) DEFAULT NULL,
  `movie_description` varchar(999) CHARACTER SET utf8mb4 COLLATE utf8mb4_0900_ai_ci DEFAULT NULL,
  `movie_director` varchar(50) DEFAULT NULL,
  `movie_cast` varchar(128) DEFAULT NULL,
  `trailer` varchar(999) DEFAULT NULL,
  KEY `idx_movie_name` (`movie_name`)
) ENGINE=InnoDB DEFAULT CHARSET=utf8mb4 COLLATE=utf8mb4_0900_ai_ci;
/*!40101 SET character_set_client = @saved_cs_client */;

--
-- Dumping data for table `movie`
--

LOCK TABLES `movie` WRITE;
/*!40000 ALTER TABLE `movie` DISABLE KEYS */;
INSERT INTO `movie` VALUES (1,'Memphis Belle','https://upload.wikimedia.org/wikipedia/en/4/41/Memphis_belle_poster.jpg',1990,'PG-13',107,0,0,1,1,'In 1943, the crew of a B-17 based in the UK prepares for its 25th and final bombing mission over Germany before returning home to the USA.','Michael Caton-Jones','Matthew Modine, Eric Stoltz, Tate Donovan','https://www.youtube.com/embed/oqKrCuIz_XQ'),(2,'Another 48 Hrs.','https://upload.wikimedia.org/wikipedia/en/0/00/Another_forty_eight_hours.jpg',1990,'R',95,0,1,0,1,'Jack Cates once again enlists the aid of ex-con Reggie Hammond - this time to take down The Iceman, a ruthless drug lord operating in the San Francisco bay area.','Walter Hill','Eddie Murphy, Nick Nolte, Brion James','https://www.youtube.com/embed/iKMpn9mTV_w'),(3,'Hard to Kill','https://upload.wikimedia.org/wikipedia/en/f/f2/Hard_To_Kill.jpg',1990,'R',96,0,0,1,1,'Left for dead with his wife killed in their house, L.A. Detective Mason Storm will have to make a quick recovery, expose those behind the murder and take revenge.','Bruce Malmuth','Steven Seagal, Kelly LeBrock, William Sadler, Frederick Coffin','https://www.youtube.com/embed/srlii9lirv8'),(4,'Men at Work','https://upload.wikimedia.org/wikipedia/en/4/43/Men_at_work_ver2.jpg',1990,'PG-13',98,0,1,0,1,'Two garbage men uncover a conspiracy involving illegal toxic waste dumping and decide to bring the whole operation down.','Emilio Estevez','Charlie Sheen, Emilio Estevez, Leslie Hope, Keith David','https://www.youtube.com/embed/hj0FylH09zc'),(5,'Terminator 2: Judgment Day','https://upload.wikimedia.org/wikipedia/en/8/85/Terminator2poster.jpg',1991,'R',137,0,0,0,1,'A cyborg, identical to the one who failed to kill Sarah Connor, must now protect her ten year old son John from an even more advanced and powerful cyborg.','James Cameron','Arnold Schwarzenegger, Linda Hamilton, Edward Furlong, Robert Patrick','https://www.youtube.com/embed/lwSysg9o7wE'),(6,'Point Break','https://upload.wikimedia.org/wikipedia/en/7/7e/Pointbreaktheatrical.jpg',1991,'R',122,0,0,0,1,'An F.B.I. Agent goes undercover to catch a gang of surfers who may be bank robbers.','Kathryn Bigelow','Patrick Swayze, Keanu Reeves, Gary Busey, Lori Petty','https://www.youtube.com/embed/jcDD2-s4vWA'),(7,'Teenage Mutant Ninja Turtles','https://upload.wikimedia.org/wikipedia/en/8/8d/Teenage_Mutant_Ninja_Turtles_%281990_film%29_poster.jpg',1990,'PG',93,0,1,0,1,'Four teenage mutant ninja turtles emerge from the shadows to protect New York City from a gang of criminal ninjas.','Steve Barron','Judith Hoag, Elias Koteas, Josh Pais, David Forman','https://www.youtube.com/embed/Dh2u6Cw2clE'),(8,'Teenage Mutant Ninja Turtles II: The Secret of the Ooze','https://upload.wikimedia.org/wikipedia/en/6/6c/Teenage_Mutant_Ninja_Turtles_II_%281991_film%29_poster.jpg',1991,'PG',88,0,1,0,1,'The Turtles and the Shredder battle once again, this time for the last canister of the ooze that created the Turtles, with which Shredder wants to unleash an army of new mutants.','Michael Pressman','Paige Turco, David Warner, Michelan Sisti, Leif Tilden','https://www.youtube.com/embed/al9jfY7zOBY'),(9,'Batman Returns','https://upload.wikimedia.org/wikipedia/en/8/83/Batman_returns_poster2.jpg',1992,'PG',126,0,0,0,1,'While Batman deals with a deformed man calling himself the Penguin wreaking havoc across Gotham with the help of a cruel businessman, a female employee of the latter becomes the Catwoman with her own vendetta.','Tim Burton','Michael Keaton, Danny DeVito, Michelle Pfeiffer, Christopher Walken','https://www.youtube.com/embed/repBHGIny0c'),(10,'Under Siege','https://upload.wikimedia.org/wikipedia/en/f/fc/Under_Siege_poster.jpg',1992,'R',103,0,0,0,1,'An ex-Navy Seal turned cook is the only person who can stop a group of terrorists when they seize control of a U.S. battleship.','Andrew Davis','Steven Seagal, Gary Busey, Tommy Lee Jones, Erika Eleniak','https://www.youtube.com/embed/JcpyOMIUdYQ'),(11,'Jurassic Park','https://upload.wikimedia.org/wikipedia/en/e/e7/Jurassic_Park_poster.jpg',1993,'PG',127,0,0,0,1,'A pragmatic paleontologist touring an almost complete theme park on an island in Central America is tasked with protecting a couple of kids after a power failure causes the park\'s cloned dinosaurs to run loose.','Steven Spielberg','Sam Neill, Laura Dern, Jeff Goldblum, Richard Attenborough','https://www.youtube.com/embed/QWBKEmWWL38'),(12,'Dragon: The Bruce Lee Story','https://upload.wikimedia.org/wikipedia/en/5/54/Storyofdragon.JPG',1993,'PG-13',120,0,0,1,1,'A fictionalized account of the life of the martial arts superstar.','Rob Cohen','Jason Scott Lee, Lauren Holly, Robert Wagner, Michael Learned','https://www.youtube.com/embed/MDKTBiHBmeI'),(13,'Teenage Mutant Ninja Turtles III','https://upload.wikimedia.org/wikipedia/en/3/38/Teenage_Mutant_Ninja_Turtles_III_%281993_film%29_poster.jpg',1993,'PG',96,0,1,0,1,'When their closest friend April O\'Neil discovers an ancient scepter with magical powers, the turtles must cow-a-bunga their way back to 17th century Japan to rescue her from the evil clutches of Lord Norinaga.','Stuart Gillard','Elias Koteas, Paige Turco, Stuart Wilson, Sab Shimono','https://www.youtube.com/embed/w2dNvVdz3js'),(14,'The Mask','https://upload.wikimedia.org/wikipedia/en/4/4b/The_Mask_%28film%29_poster.jpg',1994,'PG-13',101,0,1,0,1,'Bank clerk Stanley Ipkiss is transformed into a manic superhero when he wears a mysterious mask.','Chuck Russell','Jim Carrey, Cameron Diaz, Peter Riegert, Peter Greene','https://www.youtube.com/embed/LZl69yk5lEY'),(15,'Spy Hard','https://upload.wikimedia.org/wikipedia/en/4/42/Spyhardposter.jpg',1996,'PG-13',81,0,1,0,1,'Dick Steele, Agent WD-40 is assigned by his Director, to stop the evil General Rancor from destroying the world. WD-40 believed Rancor was dead and he teams up with the hot KGB Agent Veronique Ukrinsky to find Rancor and save the world.','Rick Friedberg','Leslie Nielsen, Nicollette Sheridan, Charles Durning, Marcia Gay Harden','https://www.youtube.com/embed/wJK-Djc3AFw'),(16,'Starship Troopers','https://upload.wikimedia.org/wikipedia/en/d/df/Starship_Troopers_-_movie_poster.jpg',1997,'R',129,0,0,0,1,'Humans in a fascist, militaristic future wage war with giant alien bugs.','Paul Verhoeven','Casper Van Dien, Denise Richards, Dina Meyer, Jake Busey','https://www.youtube.com/embed/zPYuV_jGk7M'),(17,'Men in Black','https://upload.wikimedia.org/wikipedia/en/f/fb/Men_in_Black_Poster.jpg',1997,'PG-13',98,0,1,0,1,'A police officer joins a secret organization that polices and monitors extraterrestrial interactions on Earth.','Barry Sonnenfeld','Tommy Lee Jones, Will Smith, Linda Fiorentino, Vincent D\'Onofrio','https://www.youtube.com/embed/UxUTTrU6PA4'),(18,'Pretty Woman','https://upload.wikimedia.org/wikipedia/en/b/b6/Pretty_woman_movie.jpg',1990,'R',119,1,1,0,0,'A man in a legal but hurtful business needs an escort for some social events, and hires a beautiful prostitute he meets... only to fall in love.','Garry Marshall ','Richard Gere, Julia Roberts, Jason Alexander, Laura San Giacomo','https://www.youtube.com/embed/2EBAVoN8L_U'),(19,'Home Alone','https://upload.wikimedia.org/wikipedia/en/7/76/Home_alone_poster.jpg',1990,'PG',103,0,1,0,0,'An eight-year-old troublemaker, mistakenly left home alone, must defend his home against a pair of burglars on Christmas eve.','Chris Columbus','Macaulay Culkin, Joe Pesci, Daniel Stern, John Heard','https://www.youtube.com/embed/Fmih-zWIjGY'),(20,'Green Card','https://upload.wikimedia.org/wikipedia/en/d/dc/Greencardposter.jpg',1990,'PG-13',107,1,1,1,0,'A man wanting to stay in the US enters into a marriage of convenience, but it turns into more than that.','Peter Weir','Gérard Depardieu, Andie MacDowell, Bebe Neuwirth, Gregg Edelman','https://www.youtube.com/embed/oBplCw21tx4'),(21,'The Addams Family','https://upload.wikimedia.org/wikipedia/en/0/04/The_Addams_Family.jpg',1991,'PG-13',99,0,1,0,0,'Con artists plan to fleece an eccentric family using an accomplice who claims to be their long-lost uncle.','Barry Sonnenfeld','Anjelica Huston, Raul Julia, Christopher Lloyd, Dan Hedaya','https://www.youtube.com/embed/G388UMkJIBE'),(22,'Doc Hollywood','https://upload.wikimedia.org/wikipedia/en/0/05/Doc_hollywood_poster.jpg',1991,'PG-13',104,1,1,1,0,'A young doctor on his way across the country to a job interview crashes his car in a small town and is sentenced to work for several days at the town hospital.','Michael Caton-Jones','Michael J. Fox, Julie Warner, Barnard Hughes, Woody Harrelson','https://www.youtube.com/embed/STvC6FXu1-M'),(23,'Encino Man','https://upload.wikimedia.org/wikipedia/en/b/bd/EncinoMan.jpg',1992,'PG',88,0,1,0,0,'When they find a frozen caveman in their back yard, two high school outcasts thaw him and introduce him to modern life while he in turn gets them to actually enjoy life.','Les Mayfield','Sean Astin, Brendan Fraser, Pauly Shore, Megan Ward','https://www.youtube.com/embed/1xkTN1Z1rTQ'),(24,'Dumb and Dumber','https://upload.wikimedia.org/wikipedia/en/6/64/Dumbanddumber.jpg',1994,'PG-13',107,0,1,0,0,'After a woman leaves a briefcase at the airport terminal, a dumb limo driver and his dumber friend set out on a hilarious cross-country road trip to Aspen to return it.','Peter Farrelly, Bobby Farrelly','Jim Carrey, Jeff Daniels, Lauren Holly, Mike Starr','https://www.youtube.com/embed/dmNddThxi4c'),(25,'To Wong Foo Thanks for Everything, Julie Newmar','https://upload.wikimedia.org/wikipedia/en/e/e9/Towongfoo.jpg',1995,'PG-13',109,0,1,1,0,'Three drag queens travel cross-country until their car breaks down, leaving them stranded in a small town.','Beeban Kidron','Wesley Snipes, Patrick Swayze, John Leguizamo, Stockard Channing','https://www.youtube.com/embed/VNxirTDuBAc'),(26,'Jumanji','https://upload.wikimedia.org/wikipedia/en/b/b6/Jumanji_poster.jpg',1995,'PG',104,0,1,0,0,'When two kids find and play a magical board game, they release a man trapped in it for decades - and a host of dangers that can only be stopped by finishing the game.','Joe Johnston','Robin Williams, Kirsten Dunst, Bonnie Hunt, Jonathan Hyde','https://www.youtube.com/embed/eTjDsENDZ6s'),(27,'Jerry Maguire','https://upload.wikimedia.org/wikipedia/en/e/ea/Jerry_Maguire_movie_poster.jpg',1996,'R',139,1,1,1,0,'When a sports agent has a moral epiphany and is fired for expressing it, he decides to put his new philosophy to the test as an independent agent with the only athlete who stays with him and his former colleague.','Cameron Crowe','Tom Cruise, Cuba Gooding Jr., Renée Zellweger, Kelly Preston','https://www.youtube.com/embed/KUd3gwaf0KQ'),(28,'The Man Without a Face','https://upload.wikimedia.org/wikipedia/en/7/7a/Man_without_a_face_movie_poster.jpg',1993,'PG-13',115,0,0,1,0,'Chuck wants to leave home but can\'t make the grade for boarding school. Then he finds out the disfigured recluse living nearby is an ex-teacher.','Mel Gibson','Mel Gibson, Nick Stahl, Margaret Whitton, Fay Masterson','https://www.youtube.com/embed/0kLAuJIm79o'),(29,'The Shawshank Redemption','https://upload.wikimedia.org/wikipedia/en/8/81/ShawshankRedemptionMoviePoster.jpg',1994,'R',142,0,0,1,0,'Over the course of several years, two convicts form a friendship, seeking consolation and, eventually, redemption through basic compassion.','Frank Darabont','Tim Robbins, Morgan Freeman, Bob Gunton, William Sadler','https://www.youtube.com/embed/PLl99DlL6b4'),(30,'Forrest Gump','https://upload.wikimedia.org/wikipedia/en/6/67/Forrest_Gump_poster.jpg',1994,'PG-13',142,1,0,1,0,'The history of the United States from the 1950s to the \'70s unfolds from the perspective of an Alabama man with an IQ of 75, who yearns to be reunited with his childhood sweetheart.','Robert Zemeckis','Tom Hanks, Robin Wright, Gary Sinise, Sally Field','https://www.youtube.com/embed/XHhAG-YLdk8'),(31,'Kids','https://upload.wikimedia.org/wikipedia/en/9/9d/Kids_film.jpg',1995,'R',91,0,0,1,0,'A day in the life of a group of teens as they travel around New York City skating, drinking, smoking and deflowering virgins.','Larry Clark','Leo Fitzpatrick, Justin Pierce, Chloë Sevigny, Sarah Henderson','https://www.youtube.com/embed/U9a5tZSKDOU'),(32,'Sense and Sensibility','https://upload.wikimedia.org/wikipedia/en/6/69/Sense_and_sensibility.jpg',1995,'G',136,1,0,1,0,'Rich Mr. Dashwood dies, leaving his second wife and her three daughters poor by the rules of inheritance. The two eldest daughters are the title opposites.','Ang Lee','Emma Thompson, Kate Winslet, James Fleet, Tom Wilkinson','https://www.youtube.com/embed/G0XvqB1ENzs'),(33,'Hope Floats','https://upload.wikimedia.org/wikipedia/en/0/0e/Hope_Floats.jpg',1998,'PG-13',114,1,0,1,0,'Birdee Calvert must choose between her morals and her heart after her husband divorces her and a charming young man, who her daughter disapproves of, comes back into her life.','Forest Whitaker','Sandra Bullock, Harry Connick Jr., Gena Rowlands, Mae Whitman','https://www.youtube.com/embed/nNVbi6tGhrg'),(34,'Idioterne','https://upload.wikimedia.org/wikipedia/en/f/f8/The_Idiots_theatrical_poster.jpg',1998,'R',117,0,1,1,0,'The group of people gather at the house in Copenhagen suburb to break all the limitations and to bring out the \"inner idiot\" in themselves.','Lars von Trier','Bodil Jørgensen, Jens Albinus, Anne Louise Hassing, Troels Lyby','https://www.youtube.com/embed/QbF80Gu80-4'),(35,'Les Misérables','https://upload.wikimedia.org/wikipedia/en/3/35/Les_Mis%C3%A9rables_%281998_film%29_poster.jpg',1998,'PG-13',134,1,0,1,0,'Valjean, a former criminal, has atoned for his past and now finds himself in the midst of the French Revolution, avoiding a law-obsessed policeman hell-bent on capturing him.','Bille August','Liam Neeson, Geoffrey Rush, Uma Thurman, Christopher Adamson','https://www.youtube.com/embed/N0XBInETEXs'),(36,'But I\'m a Cheerleader','https://upload.wikimedia.org/wikipedia/en/1/1c/ButI%27mACheerleader.jpg',1999,'R',85,1,1,1,0,'A naive teenager is sent to rehab camp when her straitlaced parents and friends suspect her of being a lesbian.','Jamie Babbit','Natasha Lyonne, Clea DuVall, Michelle Williams, Brandt Wille','https://www.youtube.com/embed/YUsGJb4ea7E'),(37,'Bicentennial Man','https://upload.wikimedia.org/wikipedia/en/f/fc/Bicentennial_man_film_poster.jpg',1999,'G',132,1,0,1,0,'An android endeavors to become human as he gradually acquires emotions.','Chris Columbus','Robin Williams, Embeth Davidtz, Sam Neill, Oliver Platt','https://www.youtube.com/embed/yfDlQ-Q12rg'),(38,'The Patriot','https://upload.wikimedia.org/wikipedia/en/6/68/Patriot_promo_poster.jpg',2000,'PG-13',165,0,0,1,1,'Peaceful farmer Benjamin Martin is driven to lead the Colonial Militia during the American Revolution when a sadistic British officer murders his son.','Roland Emmerich','Mel Gibson, Heath Ledger, Joely Richardson, Jason Isaacs','https://www.youtube.com/embed/Clh5qDQ1-lI'),(39,'Yi yi','https://upload.wikimedia.org/wikipedia/en/5/5c/Yiyiposter.jpg',2000,'PG-13',173,1,0,1,0,'Each member of a middle-class Taipei family seeks to reconcile past and present relationships within their daily lives.','Edward Yang','Nien-Jen Wu, Elaine Jin, Issei Ogata, Kelly Lee','https://www.youtube.com/embed/4SCs_jbdHwg'),(40,'Wonder Boys','https://upload.wikimedia.org/wikipedia/en/6/68/OriginalWBposter.jpg',2000,'R',107,0,1,1,0,'An English Professor tries to deal with his wife leaving him, the arrival of his editor who has been waiting for his book for seven years, and the various problems that his friends and associates involve him in.','Curtis Hanson','Michael Douglas, Tobey Maguire, Frances McDormand, Robert Downey Jr.','https://www.youtube.com/embed/SO_sXk-lR7A'),(41,'Keeping the Faith','https://upload.wikimedia.org/wikipedia/en/d/d3/Keeping_the_faith.jpg',2000,'PG-13',128,1,1,1,0,'Two friends, a priest and a rabbi, fall in love with the same woman they knew in their youth, but the religious position of both men denies them romance.','Edward Norton','Ben Stiller, Edward Norton, Jenna Elfman, Anne Bancroft\n\n','https://www.youtube.com/embed/1V388ePOVtM'),(42,'Beautiful Girls','https://upload.wikimedia.org/wikipedia/en/5/57/Beautiful_girlsmovieposter.jpg',1996,'R',112,1,1,1,0,'A piano player at a crossroads in his life returns home to his friends and their own problems with life and love.','Ted Demme','Matt Dillon, Timothy Hutton, Noah Emmerich, Annabeth Gish','https://www.youtube.com/embed/yfQ5ONwWxI8'),(43,'Titanic','https://upload.wikimedia.org/wikipedia/en/1/18/Titanic_%281997_film%29_poster.png',1997,'PG',194,1,0,1,0,'A seventeen-year-old aristocrat falls in love with a kind but poor artist aboard the luxurious, ill-fated R.M.S. Titanic.','James Cameron ','Leonardo DiCaprio, Kate Winslet, Billy Zane, Kathy Bates','https://www.youtube.com/embed/b0KYvGa_nN8'),(44,'The Parent Trap','https://upload.wikimedia.org/wikipedia/en/f/f9/Parenttrapposter.jpg',1998,'G',128,0,1,1,0,'Identical twins Annie and Hallie, separated at birth and each raised by one of their biological parents, discover each other for the first time at summer camp and make a plan to bring their wayward parents back together.','Nancy Meyers','Lindsay Lohan, Dennis Quaid, Natasha Richardson, Elaine Hendrix','https://www.youtube.com/embed/PMAhVpgzmRU'),(45,'There\'s Something About Mary','https://upload.wikimedia.org/wikipedia/en/d/df/There%27s_Something_About_Mary_POSTER.jpg',1998,'R',119,1,1,0,0,'A man gets a chance to meet up with his dream girl from high school, even though his date with her back then was a complete disaster.','Bobby Farrelly, Peter Farrelly','Cameron Diaz, Matt Dillon, Ben Stiller, Lee Evans\n\n','https://www.youtube.com/embed/503D8hOfE_8'),(46,'Deuce Bigalow: Male Gigolo','https://upload.wikimedia.org/wikipedia/en/8/82/Deucebigalowmalegigolotp.jpg',1999,'R',88,1,1,0,0,'An average aquarium cleaner house-sits for a gigolo, only to be forced to become one himself.','Mike Mitchell','Rob Schneider, William Forsythe, Eddie Griffin, Arija Bareikis','https://www.youtube.com/embed/Zpzb2hIp8co'),(47,'The Three Musketeers','https://upload.wikimedia.org/wikipedia/en/e/e6/Threemusketeers1993.jpg',1993,'PG',105,1,0,0,1,'France, 1625: Young d\'Artagnan heads to Paris to join the Musketeers but the evil cardinal has disbanded them - save 3. He meets the 3, Athos, Porthos and Aramis, and joins them on their quest to save the king and country.','Stephen Herek','Charlie Sheen, Kiefer Sutherland, Chris O\'Donnell, Oliver Platt','https://www.youtube.com/embed/Sy9HfwyICw4'),(48,'Grumpy Old Men','https://upload.wikimedia.org/wikipedia/en/d/da/Grumpy_Old_Men_.jpg',1993,'PG-13',103,1,1,1,0,'A lifelong feud between two neighbors since childhood only gets worse when a new female neighbor moves across the street.','Donald Petrie','Jack Lemmon, Walter Matthau, Ann-Margret, Burgess Meredith','https://www.youtube.com/embed/1lMmYysiB9A'),(49,'Hollow Man','https://upload.wikimedia.org/wikipedia/en/e/e1/Poster_Hollow_Man.jpg',2000,'R',112,0,0,0,1,'A brilliant scientist\'s discovery renders him invisible, but transforms him into an omnipotent, dangerous megalomaniac.','Paul Verhoeven','Kevin Bacon, Elisabeth Shue, Josh Brolin, Kim Dickens','https://www.youtube.com/embed/XufZT_CRW88'),(50,'Taxi 2','https://upload.wikimedia.org/wikipedia/en/1/18/Taxi2_movie.png',2000,'Not Rated',88,0,1,0,1,'Police inspector Emilien and his taxi-driver pal Daniel are back, this time on the tail of a group of Japanese yakuza.','Gérard Krawczyk','Samy Naceri, Frédéric Diefenthal, Emma Wiklund, Marion Cotillard','https://www.youtube.com/embed/FUExdpxhDCo'),(51,'Robin Hood: Prince of Thieves','https://upload.wikimedia.org/wikipedia/en/4/4f/Robin_hood_1991.jpg',1991,'R',143,0,0,1,1,'Robin Hood decides to fight back as an outlaw when faced with the tyranny of the Sheriff of Nottingham.','Kevin Reynolds','Kevin Costner, Morgan Freeman, Mary Elizabeth Mastrantonio, Christian Slater','https://www.youtube.com/embed/fhz5aB-u77Q'),(52,'Backdraft','https://upload.wikimedia.org/wikipedia/en/a/a1/Backdraft_poster.jpg',1991,'R',137,0,0,1,1,'Two Chicago firefighter brothers, who don\'t get along, have to work together while a dangerous arsonist is on the loose.','Ron Howard ','Kurt Russell, William Baldwin, Robert De Niro, Donald Sutherland','https://www.youtube.com/embed/DlXcUyFjNgA'),(53,'New Jack City','https://upload.wikimedia.org/wikipedia/en/e/e4/New_jack_city.jpg',1991,'R',97,0,0,1,1,'A crime lord ascends to power and becomes megalomaniacal while a maverick police detective vows to stop him.','Mario Van Peebles','Wesley Snipes, Ice-T, Allen Payne, Chris Rock','https://www.youtube.com/embed/pumf6m7d14w'),(54,'The Bodyguard','https://upload.wikimedia.org/wikipedia/en/8/8f/The_Bodyguard_1992_Film_Poster.jpg',1992,'R',129,0,0,1,1,'A former Secret Service agent takes on the job of bodyguard to an R&B singer, whose lifestyle is most unlike a President\'s.','Mick Jackson','Kevin Costner, Whitney Houston, Gary Kemp, Bill Cobbs','https://www.youtube.com/embed/4JFRdJTszRM'),(55,'Buffy the Vampire Slayer','https://upload.wikimedia.org/wikipedia/en/0/09/Buffy_The_Vampire_Slayer_Movie.jpg',1992,'PG-13',86,0,1,0,1,'Flighty teenage girl Buffy Summers learns that she is her generation\'s destined battler of vampires.','Fran Rubel Kuzui','Kristy Swanson, Donald Sutherland, Paul Reubens, Rutger Hauer','https://www.youtube.com/embed/V-daIHTY4NQ'),(56,'Basic Instinct','https://upload.wikimedia.org/wikipedia/en/f/f9/Basic_Instinct.png',1992,'R',127,0,0,1,0,'A violent police detective investigates a brutal murder that might involve a manipulative and seductive novelist.','Paul Verhoeven','Michael Douglas, Sharon Stone, George Dzundza, Jeanne Tripplehorn','https://www.youtube.com/embed/EhRhuJOJkGg'),(57,'Super Mario Bros','https://upload.wikimedia.org/wikipedia/en/9/94/SMB_Movie_Poster.jpg',1993,'PG',104,0,1,0,0,'Two Brooklyn plumbers, Mario and Luigi, must travel to another dimension to rescue a princess from the evil dictator King Koopa and stop him from taking over the world.','Annabel Jankel, Rocky Morton','Bob Hoskins, John Leguizamo, Dennis Hopper, Samantha Mathis','https://www.youtube.com/embed/GuXwMHF9y1Y'),(58,'Father of the Bride Part II','https://upload.wikimedia.org/wikipedia/en/e/e1/Father_of_the_bride_part_ii.jpg',1995,'PG',106,1,1,0,0,'George Banks must deal not only with his daughter\'s pregnancy, but also with his wife\'s.','Charles Shyer','Steve Martin, Diane Keaton, Martin Short, Kimberly Williams-Paisley','https://www.youtube.com/embed/BbvnDlu_Zjc'),(59,'The Last of the Mohicans','https://upload.wikimedia.org/wikipedia/en/d/dd/Mohicansposter.jpg',1992,'R',112,0,0,1,1,'Three trappers protect the daughters of a British Colonel in the midst of the French and Indian War.','Michael Mann','Daniel Day-Lewis, Madeleine Stowe, Russell Means, Eric Schweig','https://www.youtube.com/embed/yaQeVnN6pUc'),(60,'Star Trek: First Contact','https://upload.wikimedia.org/wikipedia/en/0/01/Star_trek_first_contact_poster.jpg',1996,'PG-13',111,0,0,1,1,'The Borg travel back in time intent on preventing Earth\'s first contact with an alien species. Captain Picard and his crew pursue them to ensure that Zefram Cochrane makes his maiden flight reaching warp speed.','Jonathan Frakes','Patrick Stewart, Jonathan Frakes, Brent Spiner, LeVar Burton','https://www.youtube.com/embed/B3NJ49VyjDs'),(61,'1492: Conquest of Paradise','https://upload.wikimedia.org/wikipedia/en/6/61/1492film.jpg',1992,'PG-13',154,0,0,1,0,'Christopher Columbus\' discovery of the Americas and the effect this has on the indigenous people.','Ridley Scott','Gérard Depardieu, Armand Assante, Sigourney Weaver, Loren Dean','https://www.youtube.com/embed/GSNjwNyQeLs'),(62,'Courage Under Fire','https://upload.wikimedia.org/wikipedia/en/3/3d/Courage_under_fire_ver2.jpg',1996,'R',116,0,0,1,1,'A U.S. Army officer, despondent about a deadly mistake he made, investigates a female chopper commander\'s worthiness for the Medal of Honor.','Edward Zwick','Denzel Washington, Meg Ryan, Lou Diamond Phillips, Michael Moriarty','https://www.youtube.com/embed/9ZQE49MjyYQ'),(63,'That Thing You Do!','https://upload.wikimedia.org/wikipedia/en/5/51/That_Thing_You_Do%21_film_poster.jpg',1996,'PG',108,0,1,1,0,'A local Pennsylvania band scores a one-hit wonder in 1964 and rides the star-making machinery as long as they can, with lots of help from their manager.','Tom Hanks','Tom Hanks, Liv Tyler, Charlize Theron, Tom Everett Scott','https://www.youtube.com/embed/0xpXqaXPuVg'),(64,'The Full Monty','https://upload.wikimedia.org/wikipedia/en/e/ee/TheFullMonty.UKtheatricalposter.jpg',1997,'R',91,0,1,1,0,'Six unemployed steel workers form a male striptease act. The women cheer them on to go for \"the full monty\" - total nudity.','Peter Cattaneo','Robert Carlyle, Tom Wilkinson, Mark Addy, Wim Snape','https://www.youtube.com/embed/d6bjW9OwSQc'),(65,'Austin Powers: International Man of Mystery','https://upload.wikimedia.org/wikipedia/en/d/d7/Austin_Powers_International_Man_of_Mystery_theatrical_poster.jpg',1997,'PG-13',94,0,1,0,0,'A world-class playboy and part-time secret agent from the 1960s emerges after thirty years in a cryogenic state to battle with his nemesis Dr. Evil.','Jay Roach','Mike Myers, Elizabeth Hurley, Michael York, Mimi Rogers','https://www.youtube.com/embed/5vsANcS4Ml8'),(66,'Natural Born Killers','https://upload.wikimedia.org/wikipedia/en/a/a5/Natural_Born_Killers.jpg',1994,'R',119,1,0,0,1,'Two victims of traumatized childhoods become lovers and psychopathic serial murderers irresponsibly glorified by the mass media.','Oliver Stone','Woody Harrelson, Juliette Lewis, Tom Sizemore, Rodney Dangerfield','https://www.youtube.com/embed/XpLKNclOtLg'),(67,'D2: The Mighty Ducks','https://upload.wikimedia.org/wikipedia/en/4/42/D_two_the_mighty_ducks.jpg',1994,'PG',106,0,1,1,0,'Can Gordon\'s team win the Junior Goodwill Games in California in spite of all the set-backs?','Sam Weisman','Emilio Estevez, Kathryn Erbe, Michael Tucker, Jan Rubes','https://www.youtube.com/embed/PK0SizOkbF4'),(68,'Pocahontas','https://upload.wikimedia.org/wikipedia/en/5/57/Pocahontasposter.jpg',1995,'PG',81,0,0,1,0,'An English soldier and the daughter of an Algonquin chief share a romance when English colonists invade seventeenth century Virginia.','Mike Gabriel, Eric Goldberg','Mel Gibson, Linda Hunt, Christian Bale, Joe Baker','https://www.youtube.com/embed/5iB82S8rHyg'),(69,'George of the Jungle','https://upload.wikimedia.org/wikipedia/en/f/f8/George_Of_The_Jungle.jpg',1997,'PG',92,0,1,0,1,'A man raised in the jungle by apes falls in love with a wealthy American heiress.','Sam Weisman','Brendan Fraser, Leslie Mann, Thomas Haden Church, Richard Roundtree','https://www.youtube.com/embed/ITlM041DW1U'),(70,'In & Out','https://upload.wikimedia.org/wikipedia/en/e/e4/In_%26_Out_%28film%29_poster.jpg',1997,'PG-13',90,1,1,0,0,'A midwestern teacher questions his sexuality after a former student makes a comment about him at the Academy Awards.','Frank Oz','Kevin Kline, Joan Cusack, Tom Selleck, Matt Dillon','https://www.youtube.com/embed/Ps8UFQ69h1c'),(71,'A Bug\'s Life','https://upload.wikimedia.org/wikipedia/en/c/cc/A_Bug%27s_Life.jpg',1998,'PG',95,0,1,0,0,'A misfit ant, looking for \"warriors\" to save his colony from greedy grasshoppers, recruits a group of bugs that turn out to be an inept circus troupe.','John Lasseter, Andrew Stanton','Kevin Spacey, David Foley, Julia Louis-Dreyfus, Hayden Panettiere','https://www.youtube.com/embed/mE35XQFxbeo'),(72,'Rush Hour','https://upload.wikimedia.org/wikipedia/en/4/49/Rush_Hour_poster.png',1998,'PG-13',98,0,1,0,1,'A loyal and dedicated Hong Kong Inspector teams up with a reckless and loudmouthed L.A.P.D. detective to rescue the Chinese Consul\'s kidnapped daughter, while trying to arrest a dangerous crime lord along the way.','Brett Ratner','Jackie Chan, Chris Tucker, Ken Leung, Tom Wilkinson\r\n\r\n','https://www.youtube.com/embed/JMiFsFQcFLE'),(73,'Austin Powers: The Spy Who Shagged Me','https://upload.wikimedia.org/wikipedia/en/f/ff/Austin_Powers-_The_Spy_Who_Shagged_Me.jpg',1999,'PG-13',95,0,1,0,1,'Dr. Evil is back and has invented a new time machine that allows him to go back to the 1960s and steal Austin Powers\' mojo, inadvertently leaving him \"shagless\".','Jay Roach','Mike Myers, Heather Graham, Michael York, Robert Wagner','https://www.youtube.com/embed/LGVjoLlgHbM'),(74,'Entrapment','https://upload.wikimedia.org/wikipedia/en/8/89/Entrapment_film.jpg',1999,'PG-13',113,1,0,0,1,'An insurance agent is sent by her employer to track down and help capture an art thief.','Jon Amiel','Sean Connery, Catherine Zeta-Jones, Ving Rhames, Will Patton','https://www.youtube.com/embed/LFSpRNtxd8I'),(75,'Payback','https://upload.wikimedia.org/wikipedia/en/3/31/PaybackPoster.jpg',1999,'R',100,0,0,1,1,'After a successful heist, Porter is left for dead. Once he recovers, he seeks vengeance and wants his share of the money.','Brian Helgeland','Mel Gibson, Gregg Henry, Maria Bello, David Paymer','https://www.youtube.com/embed/jEgLdRu27v0'),(76,'Ngo si seoi','https://upload.wikimedia.org/wikipedia/en/0/00/WhoAmIJackieChan.jpg',1998,'PG-13',120,0,1,0,1,'A Secret Agent loses his memory after falling from a crashing helicopter. He is then chased by several other agency operatives, but he has no idea why.','Benny Chan, Jackie Chan','Jackie Chan, Michelle Ferre, Mirai Yamamoto, Ron Smerczak','https://www.youtube.com/embed/iLo5g4HHyBE'),(77,'Office Space','https://upload.wikimedia.org/wikipedia/en/8/8e/Office_space_poster.jpg',1999,'R',89,0,1,0,0,'Three company workers who hate their jobs decide to rebel against their greedy boss.','Mike Judge','Ron Livingston, Jennifer Aniston, David Herman, Ajay Naidu\r\n\r\n','https://www.youtube.com/embed/3_fG_zLbBeU'),(78,'Four Weddings and a Funeral','https://upload.wikimedia.org/wikipedia/en/3/35/Four_weddings_poster.jpg',1994,'R',117,1,1,1,0,'Over the course of five social occasions, a committed bachelor must consider the notion that he may have discovered love.','Mike Newell','Hugh Grant, Andie MacDowell, James Fleet, Simon Callow','https://www.youtube.com/embed/tvdlnbfaJ3E'),(79,'The Quick and the Dead','https://upload.wikimedia.org/wikipedia/en/a/a7/The-Quick-And-The-Dead-Poster.jpg',1995,'R',108,1,0,1,1,'A female gunfighter returns to a frontier town where a dueling tournament is being held, which she enters in an effort to avenge her father\'s death.','Sam Raimi','Sharon Stone, Gene Hackman, Russell Crowe, Leonardo DiCaprio','https://www.youtube.com/embed/Lo9cGqmHXhg'),(80,'The Nutty Professor','https://upload.wikimedia.org/wikipedia/en/7/7f/Nutty_professor_ver1.jpg',1996,'PG-13',95,1,1,0,0,'Grossly overweight yet good-hearted professor Sherman Klump takes a special chemical that turns him into the slim but obnoxious Buddy Love.','Tom Shadyac','Eddie Murphy, Jada Pinkett Smith, James Coburn, Larry Miller','https://www.youtube.com/embed/o3wJ-jzZqBw'),(81,'Finding Forrester','https://upload.wikimedia.org/wikipedia/en/1/16/Finding_forrester.jpg',2000,'PG-13',136,0,0,1,0,'A young writing prodigy finds a mentor in a reclusive author.','Gus Van Sant','Sean Connery, Rob Brown, F. Murray Abraham, Anna Paquin','https://www.youtube.com/embed/8QGCBH_2Dck'),(82,'Meet the Parents','https://upload.wikimedia.org/wikipedia/en/0/05/Meet_the_parents_ver2.jpg',2000,'PG-13',108,1,1,0,0,'Male nurse Greg Focker meets his girlfriend\'s parents before proposing, but her suspicious father is every date\'s worst nightmare.','Jay Roach','Ben Stiller, Robert De Niro, Teri Polo, Blythe Danner','https://www.youtube.com/embed/2djcavCEajA'),(83,'Spawn','https://upload.wikimedia.org/wikipedia/en/1/18/Spawnmovieposter.jpg',1997,'PG-13',96,0,0,1,1,'An elite mercenary is killed, but comes back from Hell as a reluctant soldier of the Devil.','Mark A.Z. Dippé','Michael Jai White, John Leguizamo, Martin Sheen, Theresa Randle','https://www.youtube.com/embed/WukhbpAhvrc'),(84,'Schindler\'s List','https://upload.wikimedia.org/wikipedia/en/3/38/Schindler%27s_List_movie.jpg',1993,'R',195,0,0,1,0,'Robocop saves the day once more. This time the half man/half robot takes on ruthless developers who want to evict some people on \"their\" land.','Fred Dekker','Robert John Burke, Nancy Allen, Mario Machado, Remy Ryan','https://www.youtube.com/embed/mxphAlJID9U'),(85,'Never Been Kissed','https://upload.wikimedia.org/wikipedia/en/6/6f/Never_Been_Kissed_film_poster.jpg',1999,'PG-13',107,1,1,1,0,'A newspaper reporter enrolls in high school as part of research for a story.','Raja Gosnell','Drew Barrymore, David Arquette, Michael Vartan, Molly Shannon','https://www.youtube.com/embed/xPyMf4ROt3Q'),(86,'Reality Bites','https://upload.wikimedia.org/wikipedia/en/9/95/Realitybitesposter.jpg',1994,'PG-13',99,1,1,1,0,'A documentary filmmaker and her fellow Generation X graduates face life after college, looking for work and love in Houston.','Ben Stiller','Winona Ryder, Ethan Hawke, Janeane Garofalo, Steve Zahn','https://www.youtube.com/embed/ZTlyNhT2fbM'),(87,'The Cable Guy','https://upload.wikimedia.org/wikipedia/en/2/27/TheCableGuy.jpg',1996,'PG-13',96,0,1,1,0,'A designer makes a grievious mistake when he rejects the friendship of a borderline cable guy.','Ben Stiller','Jim Carrey, Matthew Broderick, Leslie Mann, Jack Black','https://www.youtube.com/embed/rhhI_qYOacw'),(88,'Nick of Time','https://upload.wikimedia.org/wikipedia/en/a/a4/Nick_of_time.jpg',1995,'R',90,0,0,1,1,'An unimpressive, everyday man is forced into a situation where he is told to kill a politician to save his kidnapped daughter.','John Badham','Johnny Depp, Christopher Walken, Courtney Chase, Charles S. Dutton','https://www.youtube.com/embed/WlbQTPJsmv8'),(89,'Edward Scissorhands','https://upload.wikimedia.org/wikipedia/en/3/3b/Edwardscissorhandsposter.JPG',1990,'GP',105,1,0,1,0,'The solitary life of an artificial man - who was incompletely constructed and has scissors for hands - is upended when he is taken in by a suburban family.','Tim Burton','Johnny Depp, Winona Ryder, Dianne Wiest, Anthony Michael Hall','https://www.youtube.com/embed/TBHIO60whNw'),(90,'Father of the Bride','https://upload.wikimedia.org/wikipedia/en/a/a1/Father_of_the_bride_poster.jpg',1991,'PG',105,1,1,0,0,'With his oldest daughter\'s wedding approaching, a father finds himself reluctant to let go.','Charles Shyer','Steve Martin, Diane Keaton, Martin Short, Kimberly Williams-Paisley','https://www.youtube.com/embed/s4L-jBx0eRU'),(91,'Housesitter','https://upload.wikimedia.org/wikipedia/en/3/3f/HouseSitterpromoposter.jpg',1992,'PG',102,1,1,0,0,'Con artist Gwen moves into Newton\'s empty home without his knowledge and begins setting up house, posing as his new wife.','Frank Oz','Steve Martin, Goldie Hawn, Dana Delany, Julie Harris','https://www.youtube.com/embed/bNCG3EI_7N0'),(92,'Sleepless in Seattle','https://upload.wikimedia.org/wikipedia/en/e/e1/Sleepless_in_seattle.jpg',1993,'PG',105,1,1,1,0,'A recently widowed man\'s son calls a radio talk-show in an attempt to find his father a partner.','Nora Ephron','Tom Hanks, Meg Ryan, Ross Malinger, Rita Wilson','https://www.youtube.com/embed/ahI9LaOGYcE'),(93,'The Next Karate Kid','https://upload.wikimedia.org/wikipedia/en/e/ea/The_next_karate_kid.jpg',1994,'PG',107,0,0,1,1,'Mr. Miyagi is back and he takes a new pupil under his wing: a troubled adolescent girl.','Christopher Cain','Pat Morita, Hilary Swank, Michael Ironside, Constance Towers','https://www.youtube.com/embed/5LNE7jk2QWY'),(94,'Batman Forever','https://upload.wikimedia.org/wikipedia/en/9/9d/Batman_Forever_poster.png',1995,'PG-13',121,0,0,0,1,'Batman must battle former district attorney Harvey Dent, who is now Two-Face and Edward Nygma, The Riddler with help from an amorous psychologist and a young circus acrobat who becomes his sidekick, Robin.','Joel Schumacher','Val Kilmer, Tommy Lee Jones, Jim Carrey, Nicole Kidman','https://www.youtube.com/embed/ROLvjRB4E_Q'),(95,'Mission: Impossible','https://upload.wikimedia.org/wikipedia/en/e/e1/MissionImpossiblePoster.jpg',1996,'PG-13',110,0,0,0,1,'An American agent, under false suspicion of disloyalty, must discover and expose the real spy without the help of his organization.','Brian De Palma','Tom Cruise, Jon Voight, Emmanuelle Béart, Henry Czerny','https://www.youtube.com/embed/Ohws8y572KE'),(96,'Good Will Hunting','https://upload.wikimedia.org/wikipedia/en/5/52/Good_Will_Hunting.png',1997,'PG-13',126,1,0,1,0,'Will Hunting, a janitor at M.I.T., has a gift for mathematics, but needs help from a psychologist to find direction in his life.','Gus Van Sant','Robin Williams, Matt Damon, Ben Affleck, Stellan Skarsgård','https://www.youtube.com/embed/PaZVjZEFkRs'),(97,'The Man in the Iron Mask','https://upload.wikimedia.org/wikipedia/en/7/7c/The_Man_in_the_Iron_Mask.jpg',1998,'PG-13',132,0,0,1,1,'The cruel King Louis XIV of France has a secret twin brother whom he keeps imprisoned. Can the twin be substituted for the real king?','Randall Wallace','Leonardo DiCaprio, Jeremy Irons, John Malkovich, Gérard Depardieu','https://www.youtube.com/embed/CLwBmPZqiIY'),(98,'Blue Streak','https://upload.wikimedia.org/wikipedia/en/a/ab/Blue_Streak_film_poster.jpg',1999,'PG-13',93,0,1,0,1,'A former convict poses as a cop to retrieve a diamond he stole years ago.','Les Mayfield','Martin Lawrence, Luke Wilson, Peter Greene, Dave Chappelle','https://www.youtube.com/embed/TrwRAT5LtoM'),(99,'Miss Congeniality','https://upload.wikimedia.org/wikipedia/en/f/f6/Miss_Congeniality_Poster.jpg',2000,'PG-13',109,0,1,0,1,'An F.B.I. Agent must go undercover in the Miss United States beauty pageant to prevent a group from bombing the event.','Donald Petrie','Sandra Bullock, Michael Caine, Benjamin Bratt, Candice Bergen','https://www.youtube.com/embed/LwrEnPYHsyQ'),(100,'The Saint','https://upload.wikimedia.org/wikipedia/en/8/86/The_Saint_1997_poster.jpg',1997,'PG-13',116,1,0,0,1,'Simon Templar (The Saint), is a thief for hire, whose latest job to steal the secret process for cold fusion puts him at odds with a traitor bent on toppling the Russian government, as well as the woman who holds its secret.','Phillip Noyce','Val Kilmer, Elisabeth Shue, Rade Serbedzija, Valeriy Nikolaev','https://www.youtube.com/embed/qkscr4gDcP8'),(101,'2012','https://upload.wikimedia.org/wikipedia/zh/a/ad/2012_%28movie%29_poster.jpg',2009,'PG-13',158,0,0,1,1,'A frustrated writer struggles to keep his family alive when a series of global catastrophes threatens to annihilate mankind.','Roland Emmerich ',' John Cusack, Thandiwe Newton, Chiwetel Ejiofor, Amanda Peet','https://www.youtube.com/embed/XejECBUbJzo'),(102,'Midnight in Paris','https://upload.wikimedia.org/wikipedia/en/9/9f/Midnight_in_Paris_Poster.jpg',2011,'PG',94,1,1,0,0,'While on a trip to Paris with his fianc?e\'s family, a nostalgic screenwriter finds himself mysteriously going back to the 1920s every day at midnight.','Woody Allen','Owen Wilson, Rachel McAdams, Kathy Bates, Kurt Fuller','https://www.youtube.com/embed/FAfR8omt-CY'),(103,'Hot Tub Time Machine','https://upload.wikimedia.org/wikipedia/en/6/64/Hot_tub_time_machine_poster.jpg',2010,'R',99,0,1,0,0,'A malfunctioning time machine at a ski resort takes a man back to 1986 with his two friends and nephew, where they must relive a fateful night and not change anything to make sure the nephew is born.','Steve Pink ',' John Cusack, Rob Corddry, Craig Robinson, Clark Duke','https://www.youtube.com/embed/EM0VwEkxWTg'),(104,'Zookeeper','https://upload.wikimedia.org/wikipedia/en/thumb/f/fa/Zookeeper_Poster.jpg/220px-Zookeeper_Poster.jpg',2011,'PG',102,0,1,0,0,'A group of zoo animals decide to break their code of silence in order to help their lovable zookeeper find love, without opting to leave his current job for something more illustrious.','Frank Coraci ',' Kevin James, Rosario Dawson, Leslie Bibb, Ken Jeong','https://www.youtube.com/embed/pNJxxRi7AeE'),(105,'Deepwater Horizon','https://upload.wikimedia.org/wikipedia/en/6/66/Deepwater_Horizon_%28film%29.jpg',2016,'R',107,0,0,1,1,'A dramatization of the disaster in April 2010, when the offshore drilling rig called the Deepwater Horizon exploded, resulting in the worst oil spill in American history.','Mark Wahlberg','Kurt Russell, Douglas M. Griffin, James DuMont','https://www.youtube.com/embed/8yASbM8M2vg'),(106,'Our Friend','https://upload.wikimedia.org/wikipedia/en/thumb/c/c7/Our_Friend_poster.jpeg/220px-Our_Friend_poster.jpeg',2019,'R',124,1,0,1,0,'After receiving life-altering news, a couple finds unexpected support from their best friend, who puts his own life on hold and moves into their family home, bringing an impact much greater','Gabriela Cowperthwaite ',' Jason Segel, Isabella Kai, Violet McGraw, Casey Affleck','https://www.youtube.com/embed/jvOX0J1Nwrw'),(107,'Inception','https://upload.wikimedia.org/wikipedia/en/2/2e/Inception_%282010%29_theatrical_poster.jpg',2010,'PG-13',148,0,0,0,1,'A thief who steals corporate secrets through the use of dream-sharing technology is given the inverse task of planting an idea into the mind of a C.E.O., but his tragic past may doom the project and his team to disaster.','Christopher Nolan ',' Leonardo DiCaprio, Joseph Gordon-Levitt, Elliot Page, Ken Watanabe','https://www.youtube.com/embed/Qwe6qXFTdgc'),(108,'Black Swan','https://upload.wikimedia.org/wikipedia/en/6/68/Black_Swan_poster.jpg',2010,'R',108,0,0,1,0,'Nina is a talented but unstable ballerina on the verge of stardom. Pushed to the breaking point by her artistic director and a seductive rival, Nina\'s grip on reality slips, plunging her into a waking nightmare.','Darren Aronofsky',' Natalie Portman, Mila Kunis, Vincent Cassel, Winona Ryder','https://www.youtube.com/embed/9XDM8R97H9A'),(109,'Four Lions','https://upload.wikimedia.org/wikipedia/en/thumb/7/7a/Four_Lions_poster.jpg/220px-Four_Lions_poster.jpg',2010,'R',97,0,1,1,0,'Four incompetent British terrorists set out to train for and commit an act of terror.','Christopher Morris ',' Will Adamsdale, Riz Ahmed, Adeel Akhtar, Arsher Ali','https://www.youtube.com/embed/VML_-7n7NIc'),(110,'The Wolf of Wall Street','https://upload.wikimedia.org/wikipedia/zh/thumb/7/7d/Wolf_of_wall_street.jpg/220px-Wolf_of_wall_street.jpg',2013,'R',180,0,0,1,0,'Based on the true story of Jordan Belfort, from his rise to a wealthy stock-broker living the high life to his fall involving crime, corruption and the federal government.','Martin Scorsese',' Leonardo DiCaprio, Jonah Hill, Margot Robbie, Matthew McConaughey','https://www.youtube.com/embed/GNGCav9fRhc'),(111,'Mission: Impossible - Ghost Protocol','https://upload.wikimedia.org/wikipedia/en/b/b5/Mission_impossible_ghost_protocol.jpg',2011,'G',132,0,0,0,1,'The IMF is shut down when it\'s implicated in the bombing of the Kremlin, causing Ethan Hunt and his new team to go rogue to clear their organization\'s name.',' Brad Bird',' Tom Cruise, Jeremy Renner, Simon Pegg, Paula Patton','https://www.youtube.com/embed/EDGYVFZxsXQ'),(112,'Drive','https://upload.wikimedia.org/wikipedia/en/1/13/Drive2011Poster.jpg',2011,'R',100,0,0,1,1,'A mysterious Hollywood action film stuntman gets in trouble with gangsters when he tries to help his neighbor\'s husband rob a pawn shop while serving as his getaway driver.','Nicolas Winding Refn ',' Ryan Gosling, Carey Mulligan, Bryan Cranston, Albert Brooks','https://www.youtube.com/embed/KBiOF3y1W0Y'),(113,'In Time','https://upload.wikimedia.org/wikipedia/en/1/13/Drive2011Poster.jpg',2011,'G',109,0,0,0,1,'In a future where people stop aging at 25, but are engineered to live only one more year, having the means to buy your way out of the situation is a shot at immortal youth. Here, Will Salas finds himself accused of murder and on the run with a hostage - a connection that becomes an important part of the way against the system.',' Andrew Nicco',' Justin Timberlake, Amanda Seyfried, Cillian Murphy, Olivia Wilde','https://www.youtube.com/embed/6zB6wZKEObc'),(114,'Captain America: The First Avenger','https://upload.wikimedia.org/wikipedia/en/3/37/Captain_America_The_First_Avenger_poster.jpg',2011,'PG-13',124,0,0,0,1,'Steve Rogers, a rejected military soldier, transforms into Captain America after taking a dose of a \"Super-Soldier serum\". But being Captain America comes at a price as he attempts to take down a warmonger and a terrorist organization.','Joe Johnston',' Chris Evans, Hugo Weaving, Samuel L. Jackson, Hayley Atwell','https://www.youtube.com/embed/JerVrbLldXw'),(115,'Transformers: Dark of the Moon','https://upload.wikimedia.org/wikipedia/zh/b/bf/Transformers_dark_of_the_moon_ver5.jpg',2011,'PG-13',154,0,0,0,1,'The Autobots learn of a Cybertronian spacecraft hidden on the moon, and race against the Decepticons to reach it and to learn its secrets.',' Michael Bay',' Chris Hemsworth, Anthony Hopkins, Natalie Portman, Tom Hiddleston','https://www.youtube.com/embed/97wCoDn0RrA'),(116,'Pirates of the Caribbean: On Stranger Tides','https://upload.wikimedia.org/wikipedia/en/5/5a/Pirates_AWE_Poster.jpg',2011,'G',137,0,0,0,1,'Jack Sparrow and Barbossa embark on a quest to find the elusive fountain of youth, only to discover that Blackbeard and his daughter are after it too.','Rob Marshall ','Johnny Depp, Pen?lope Cruz, Ian McShane, Geoffrey Rush','https://www.youtube.com/embed/0BXCVe8Yww4'),(117,'Grown Ups','https://upload.wikimedia.org/wikipedia/zh/9/99/Grown_Ups_Poster.jpg',2010,'PG-13',102,0,1,0,0,'After their high school basketball coach passes away, five good friends and former teammates reunite for a Fourth of July holiday weekend.','Dennis Dugan',' Adam Sandler, Salma Hayek, Kevin James, Chris Rock','https://www.youtube.com/embed/e01NVCveGkg'),(118,'Knight and Day','https://upload.wikimedia.org/wikipedia/en/5/51/Knight_and_day_09.jpg',2010,'PG-13',109,0,1,0,1,'A young woman gets mixed up with a disgraced spy who is trying to clear his name.',' James Mangold ',' Tom Cruise, Cameron Diaz, Peter Sarsgaard, Jordi Moll?','https://www.youtube.com/embed/JGPl86DBNNs'),(119,'Love & Other Drugs','https://upload.wikimedia.org/wikipedia/en/4/43/Love_%26_Other_Drugs_Poster.jpg',2010,'R',112,1,1,1,0,'In 1990s Pittsburgh, a medicine peddler starts a relationship with a young woman suffering from Parkinson\'s disease.','Edward Zwick',' Jake Gyllenhaal, Anne Hathaway, Judy Greer, Oliver Platt','https://www.youtube.com/embed/h6w7Dh-QxzY'),(120,'RED','https://upload.wikimedia.org/wikipedia/en/4/41/Red_ver7.jpg',2010,'R',111,0,1,0,1,'When his peaceful life is threatened by a high-tech assassin, former black-ops agent Frank Moses reassembles his old team in a last-ditch effort to survive and uncover his assailants.','Robert Schwentke ',' Bruce Willis, Helen Mirren, Morgan Freeman, Mary-Louise Parker','https://www.youtube.com/embed/-JZ_moituIo'),(121,'Diary of a Wimpy Kid','https://upload.wikimedia.org/wikipedia/en/c/cd/Diary_of_a_Wimpy_Kid_%282021%29_Official_Poster.jpg',2010,'PG',94,0,1,1,0,'Greg Heffley is a 12 year old who is fresh out of elementary and transitions to middle school, where he has to learn the consequences and responsibility to survive the year.','Thor Freudenthal ',' Zachary Gordon, Robert Capron, Rachael Harris, Steve Zahn','https://www.youtube.com/embed/T1x0bYr0bgY'),(122,'She\'s Out of My League','https://upload.wikimedia.org/wikipedia/en/b/b6/Outofmyleague.jpg',2010,'R',104,1,1,0,0,'An average Joe meets the perfect woman, but his lack of confidence and the influence of his friends and family begin to pick away at the relationship.','Jim Field Smith ',' Jay Baruchel, Alice Eve, T.J. Miller, Mike Vogel','https://www.youtube.com/embed/3F0XwZex1jQ'),(123,'Flipped','https://upload.wikimedia.org/wikipedia/en/3/3a/Flipped_poster.jpg',2010,'PG',90,1,1,1,0,'Two eighth-graders start to have feelings for each other despite being total opposites.',' Rob Reiner','Madeline Carroll, Callan McAuliffe, Rebecca De Mornay, Anthony Edwards','https://www.youtube.com/embed/q40GxY5n2Dg'),(124,'Leap Year','https://upload.wikimedia.org/wikipedia/en/d/da/Leap_year_poster.jpg',2010,'PG',100,1,1,0,0,'Anna Brady plans to travel to Dublin, Ireland to propose to her boyfriend Jeremy on February 29, leap day, because, according to Irish tradition, a man who receives a marriage proposal on a leap day must accept it.','Anand Tucker','Amy Adams, Matthew Goode, Adam Scott, John Lithgow','https://www.youtube.com/embed/HrlQBsd8LsE'),(125,'Dinner for Schmucks','https://upload.wikimedia.org/wikipedia/en/d/dc/Dinner_for_schmucks_ver2.jpg',2010,'PG',114,0,1,0,0,'After he finds out that his work superiors host a dinner celebrating the idiocy of their special guests, a rising executive questions the merits of his invitation just as he befriends a man who would be the perfect guest.','Jay Roach ',' Steve Carell, Paul Rudd, Stephanie Szostak, Zach Galifianakis','https://www.youtube.com/embed/CVY_IRA8NTw'),(126,'The Way','https://upload.wikimedia.org/wikipedia/en/1/15/The_Way_poster.png',2010,'PG-13',123,0,1,1,0,'A father heads overseas to recover the body of his estranged son who died while traveling the \"El camino de Santiago,\" and decides to take the pilgrimage himself.',' Emilio Estevez',' Martin Sheen, Emilio Estevez, Deborah Kara Unger, Yorick van Wageningen','https://www.youtube.com/embed/3qngwikD43o'),(127,'Get Him to the Greek','https://upload.wikimedia.org/wikipedia/en/c/c2/Get_Him_to_the_Greek.jpg',2010,'R',109,0,1,0,0,'A record company intern is hired to accompany out-of-control British rock star Aldous Snow to a concert at L.A.\'s Greek Theater.',' Nicholas Stoller',' Jonah Hill, Russell Brand, Elisabeth Moss, Rose Byrne','https://www.youtube.com/embed/LnHnMzhZS8k'),(128,'Due Date','https://upload.wikimedia.org/wikipedia/en/5/53/Due_Date_Poster.jpg',2010,'R',95,0,1,1,0,'High-strung father-to-be Peter Highman is forced to hitch a ride with aspiring actor Ethan Tremblay on a road trip in order to make it to his child\'s birth on time.','Todd Phillips ',' Robert Downey Jr., Zach Galifianakis, Michelle Monaghan, Jamie Foxx','https://www.youtube.com/embed/1p3NnJ_oiE0'),(129,' Submarine','https://upload.wikimedia.org/wikipedia/en/3/39/Submarine_poster.jpg',2010,'R',97,1,1,1,0,'15-year-old Oliver Tate has two objectives: to lose his virginity before his next birthday, and to extinguish the flame between his mother and an ex-lover who has resurfaced in her life.',' Richard Ayoade',' Craig Roberts, Sally Hawkins, Paddy Considine, Noah Taylor','https://www.youtube.com/embed/Z2xDk4LwBl0'),(130,'Valentine\'s Day','https://upload.wikimedia.org/wikipedia/en/e/e4/Valentines_day_poster_10.jpg',2010,'PG',125,1,1,0,0,'Intertwining couples and singles in Los Angeles break-up and make-up based on the pressures and expectations of Valentine\'s Day.',' Garry Marshall ',' Julia Roberts, Jamie Foxx, Anne Hathaway, Jessica Alba','https://www.youtube.com/embed/1K45RdE2qlk'),(131,'The Losers','https://upload.wikimedia.org/wikipedia/en/a/af/TheLosers2010Poster.jpg',2010,'PG-13',97,0,1,0,1,'A CIA special forces team is betrayed and left for dead by their superiors, galvanizing them to mount an offensive on the CIA.',' Sylvain White','Idris Elba, Zoe Saldana, Jeffrey Dean Morgan, Chris Evans','https://www.youtube.com/embed/QSEM-hJF_vM'),(132,'How Do You Know','https://upload.wikimedia.org/wikipedia/en/9/92/How_Do_You_Know_Poster.jpg',2010,'PG-13',121,1,1,1,0,'After being cut from the U.S.A. softball team and feeling a bit past her prime, Lisa finds herself evaluating her life and in the middle of a love triangle, as a corporate guy in crisis competes with her current, baseball-playing beau.','James L. Brooks ',' Reese Witherspoon, Paul Rudd, Owen Wilson, Jack Nicholson','https://www.youtube.com/embed/bS7CmZdhwmQ'),(133,'Fast Five','https://upload.wikimedia.org/wikipedia/en/0/0c/Fast_Five_poster.jpg',2010,'PG-13',130,0,0,0,1,'Dominic Toretto and his crew of street racers plan a massive heist to buy their freedom while in the sights of a powerful Brazilian drug lord and a dangerous federal agent.','Justin Lin',' Vin Diesel, Paul Walker, Dwayne Johnson, Jordana Brewster','https://www.youtube.com/embed/mw2AqdB5EVA'),(134,'Immortals','https://upload.wikimedia.org/wikipedia/en/a/ae/Immortals_poster.jpg',2010,'R',110,0,0,1,1,'Theseus is a mortal man chosen by Zeus to lead the fight against the ruthless King Hyperion, who is on a rampage across Greece to obtain a weapon that can destroy humanity.','Tarsem Singh','Henry Cavill, Mickey Rourke, John Hurt, Stephen Dorff','https://www.youtube.com/embed/pE3yR8bZ1pY'),(135,'Green Zone','https://upload.wikimedia.org/wikipedia/en/a/a7/Green_Zone_poster.jpg',2010,'PG-13',115,0,0,1,1,'Discovering covert and faulty intelligence causes a U.S. Army officer to go rogue as he hunts for Weapons of Mass Destruction in an unstable region.','Paul Greengrass ',' Matt Damon, Jason Isaacs, Greg Kinnear, Igal Naor','https://www.youtube.com/embed/e3KJ21TLKVE'),(136,'Letters to Juliet','https://upload.wikimedia.org/wikipedia/en/e/e4/Letters_to_juliet_poster.jpg',2010,'PG',105,0,1,1,0,'Sophie dreams of becoming a writer and travels to Verona, Italy where she meets the \"Secretaries of Juliet\".',' Gary Winick',' Amanda Seyfried, Gael Garc?a Bernal, Vanessa Redgrave, Marcia DeBonis','https://www.youtube.com/embed/8j0qMY-LeKM'),(137,'The Next Three Days','https://upload.wikimedia.org/wikipedia/en/b/bc/The_Next_Three_Days_Poster.jpg',2010,'G',133,0,0,1,1,'A married couple\'s life is turned upside down when the wife is accused of a murder.',' Paul Haggis',' Russell Crowe, Elizabeth Banks, Liam Neeson, Michael Buie','https://www.youtube.com/embed/p4z8XM6oTm8'),(138,'Animal Kingdom','https://upload.wikimedia.org/wikipedia/en/4/40/Animal_kingdom_poster.jpg',2010,'R',113,0,0,1,0,'A seventeen-year-old navigates his survival amongst an explosive criminal family and the detective who thinks he can save him.',' David Mich?d',' James Frecheville, Guy Pearce, Joel Edgerton, Bryce Lindemann','https://www.youtube.com/embed/YNszOl14AWg'),(139,'The Man from Nowhere','https://upload.wikimedia.org/wikipedia/en/d/d6/The_Man_from_Nowhere_poster.jpg',2010,'R',119,0,0,1,1,'A quiet pawnshop keeper with a violent past takes on a drug-and-organ trafficking ring in hope of saving the child who is his only friend.',' Jeong-beom Lee ','Won Bin, Kim Sae-ron, Kim Tae-hoon, Kim Hee-won','https://www.youtube.com/embed/38rPoGSr19U'),(140,'The Last Song','https://upload.wikimedia.org/wikipedia/en/1/12/LastSongposterMarch31.png',2010,'PG',108,1,0,1,0,'A rebellious girl is sent to a Southern beach town for the summer to stay with her father. Through their mutual love of music, the estranged duo learn to reconnect.','Julie Anne Robinson','Miley Cyrus, Liam Hemsworth, Greg Kinnear, Bobby Coleman','https://www.youtube.com/embed/7v88MYrr9hE'),(141,'The Kids Are All Right','https://upload.wikimedia.org/wikipedia/en/7/74/Kids_are_all_right_poster.jpg',2010,'R',106,1,1,1,0,'Two children conceived by artificial insemination bring their biological father into their non-traditional family life.',' Lisa Cholodenko',' Annette Bening, Julianne Moore, Mark Ruffalo, Mia Wasikowska','https://www.youtube.com/embed/RixlpHKfb6M'),(142,'Greenberg','https://upload.wikimedia.org/wikipedia/en/9/91/Greenberg_poster.jpg',2010,'R',107,1,1,1,0,'A man from Los Angeles, who moved to New York years ago, returns to L.A. to figure out his life while he house-sits for his brother. He soon sparks with his brother\'s assistant.',' Noah Baumbach ',' Ben Stiller, Greta Gerwig, Jennifer Jason Leigh, Rhys Ifans','https://www.youtube.com/embed/cwdliqOGTLw'),(143,'Life as We Know It','https://upload.wikimedia.org/wikipedia/en/d/dd/Life_as_We_Know_It_Poster.jpg',2010,'PG-13',115,1,1,1,0,'Two single adults become caregivers to an orphaned girl when their mutual best friends die in an accident.','Greg Berlanti ',' Katherine Heigl, Josh Duhamel, Josh Lucas, Alexis Clagett','https://www.youtube.com/embed/AEa9kbnyzEE'),(144,'Secretariat','https://upload.wikimedia.org/wikipedia/en/d/df/Secretariatposter.jpg',2010,'PG',123,0,0,1,0,'Penny Chenery Tweedy and colleagues guide her long-shot but precocious stallion to set, in 1973, the unbeaten record for winning the Triple Crown.',' Randall Wallace',' Diane Lane, John Malkovich, Margo Martindale, Nelsan Ellis','https://www.youtube.com/embed/UKmuvjL2cVw'),(145,'Just Go with It','https://upload.wikimedia.org/wikipedia/en/b/b8/Just_Go_with_It_Poster.jpg',2011,'PG-13',117,1,1,0,0,'On a weekend trip to Hawaii, a plastic surgeon convinces his loyal assistant to pose as his soon-to-be-divorced wife in order to cover up a careless lie he told to his much-younger girlfriend.',' Dennis Dugan ',' Adam Sandler, Jennifer Aniston, Brooklyn Decker, Nicole Kidman','https://www.youtube.com/embed/fpj7i2CPt8M'),(146,'The Help','https://upload.wikimedia.org/wikipedia/en/d/d3/The_Help_%282011_film%29.jpg',2011,'G',146,0,0,1,0,'An aspiring author during the civil rights movement of the 1960s decides to write a book detailing the African American maids\' point of view on the white families for which they work, and the hardships they go through on a daily basis.',' Tate Taylor',' Viola Davis, Emma Stone, Octavia Spencer, Bryce Dallas Howard','https://www.youtube.com/embed/XOTkNsxhECY'),(147,'Sleeping Beauty','https://upload.wikimedia.org/wikipedia/en/0/0d/Sleeping_Beauty_film.jpg',2011,'R',130,1,0,1,0,'A haunting portrait of Lucy, a young university student drawn into a mysterious hidden world of unspoken desires.',' Julia Leigh',' Emily Browning, Rachael Blake, Ewen Leslie, Bridgette Barrett','https://www.youtube.com/embed/wWrpjwD7BsM'),(148,'Thor','https://upload.wikimedia.org/wikipedia/en/9/95/Thor_%28film%29_poster.jpg',2011,'PG-13',115,0,0,0,1,'The powerful but arrogant god Thor is cast out of Asgard to live amongst humans in Midgard (Earth), where he soon becomes one of their finest defenders',' Kenneth Branagh',' Chris Hemsworth, Anthony Hopkins, Natalie Portman, Tom Hiddleston','https://www.youtube.com/embed/JOddp-nlNvQ'),(149,'The Hangover Part II','https://upload.wikimedia.org/wikipedia/en/9/9d/HangoverPart2MP2011.jpg',2011,'R',102,0,1,0,0,'Two years after the bachelor party in Las Vegas, Phil, Stu, Alan, and Doug jet to Thailand for Stu\'s wedding. Stu\'s plan for a subdued pre-wedding brunch, however, goes seriously awry.','Todd Phillips',' Bradley Cooper, Zach Galifianakis, Ed Helms, Justin Bartha','https://www.youtube.com/embed/ohF5ZO_zOYU'),(150,'Haywire','https://upload.wikimedia.org/wikipedia/en/4/49/Haywire_Poster.jpg',2011,'R',93,0,0,1,1,'A black ops super soldier seeks payback after she is betrayed and set up during a mission.',' Steven Soderbergh',' Gina Carano, Ewan McGregor, Michael Fassbender, Michael Angarano','https://www.youtube.com/embed/OpffbDjWlog');
/*!40000 ALTER TABLE `movie` ENABLE KEYS */;
UNLOCK TABLES;

--
-- Table structure for table `movie20230706`
--

DROP TABLE IF EXISTS `movie20230706`;
/*!40101 SET @saved_cs_client     = @@character_set_client */;
/*!50503 SET character_set_client = utf8mb4 */;
CREATE TABLE `movie20230706` (
  `movie_id` int(11) DEFAULT NULL,
  `movie_name` varchar(50) DEFAULT NULL,
  `image_url` varchar(128) DEFAULT NULL,
  `year` int(11) DEFAULT NULL,
  `age` varchar(50) DEFAULT NULL,
  `movie_long` int(11) DEFAULT NULL,
  `movie_category_Romance` int(11) DEFAULT NULL,
  `movie_category_Comedy` int(11) DEFAULT NULL,
  `movie_category_Drama` int(11) DEFAULT NULL,
  `movie_category_Action` int(11) DEFAULT NULL,
  `movie_description` varchar(512) DEFAULT NULL,
  `movie_director` varchar(50) DEFAULT NULL,
  `movie_cast` varchar(128) DEFAULT NULL,
  `video_url` varchar(999) DEFAULT NULL
) ENGINE=InnoDB DEFAULT CHARSET=utf8mb4 COLLATE=utf8mb4_0900_ai_ci;
/*!40101 SET character_set_client = @saved_cs_client */;

--
-- Dumping data for table `movie20230706`
--

LOCK TABLES `movie20230706` WRITE;
/*!40000 ALTER TABLE `movie20230706` DISABLE KEYS */;
INSERT INTO `movie20230706` VALUES (1,'2012','https://upload.wikimedia.org/wikipedia/zh/a/ad/2012_%28movie%29_poster.jpg',2009,'PG-13',158,0,0,1,1,'A frustrated writer struggles to keep his family alive when a series of global catastrophes threatens to annihilate mankind.','Roland Emmerich ',' John Cusack, Thandiwe Newton, Chiwetel Ejiofor, Amanda Peet','<iframe width=\"560\" height=\"315\" src=\"https://www.youtube.com/embed/eDwnKL6v17g\" title=\"YouTube video player\" frameborder=\"0\" allow=\"accelerometer; autoplay; clipboard-write; encrypted-media; gyroscope; picture-in-picture; web-share\" allowfullscreen></iframe>'),(2,' Midnight in Paris','https://en.wikipedia.org/wiki/Midnight_in_Paris#/media/File:Midnight_in_Paris_Poster.jpg',2011,'PG',94,1,1,0,0,'While on a trip to Paris with his fianc?e\'s family, a nostalgic screenwriter finds himself mysteriously going back to the 1920s every day at midnight.','Woody Allen','Owen Wilson, Rachel McAdams, Kathy Bates, Kurt Fuller',NULL),(3,'Hot Tub Time Machine','https://en.wikipedia.org/wiki/Hot_Tub_Time_Machine#/media/File:Hot_tub_time_machine_poster.jpg',2010,'R',99,0,1,0,0,'A malfunctioning time machine at a ski resort takes a man back to 1986 with his two friends and nephew, where they must relive a fateful night and not change anything to make sure the nephew is born.','Steve Pink ',' John Cusack, Rob Corddry, Craig Robinson, Clark Duke',NULL),(4,'Zookeeper','https://upload.wikimedia.org/wikipedia/en/thumb/f/fa/Zookeeper_Poster.jpg/220px-Zookeeper_Poster.jpg',2011,'PG',102,0,1,0,0,'A group of zoo animals decide to break their code of silence in order to help their lovable zookeeper find love, without opting to leave his current job for something more illustrious.','Frank Coraci ',' Kevin James, Rosario Dawson, Leslie Bibb, Ken Jeong','https://www.imdb.com/video/vi2947202585/?playlistId=tt0231001&ref_=tt_ov_vi'),(5,'Deepwater Horizon','https://upload.wikimedia.org/wikipedia/en/6/66/Deepwater_Horizon_%28film%29.jpg',2016,'R',107,0,0,1,1,'A dramatization of the disaster in April 2010, when the offshore drilling rig called the Deepwater Horizon exploded, resulting in the worst oil spill in American history.','Mark Wahlberg','Kurt Russell, Douglas M. Griffin, James DuMont','https://www.imdb.com/video/vi405713945/?playlistId=tt1860357&ref_=tt_pr_ov_vi'),(6,'Our Friend','https://upload.wikimedia.org/wikipedia/en/thumb/c/c7/Our_Friend_poster.jpeg/220px-Our_Friend_poster.jpeg',2019,'R',124,1,0,1,0,'After receiving life-altering news, a couple finds unexpected support from their best friend, who puts his own life on hold and moves into their family home, bringing an impact much greater','Gabriela Cowperthwaite ',' Jason Segel, Isabella Kai, Violet McGraw, Casey Affleck',NULL),(7,' Inception','https://upload.wikimedia.org/wikipedia/en/2/2e/Inception_%282010%29_theatrical_poster.jpg',2010,'PG-13',148,0,0,0,1,'A thief who steals corporate secrets through the use of dream-sharing technology is given the inverse task of planting an idea into the mind of a C.E.O., but his tragic past may doom the project and his team to disaster.','Christopher Nolan ',' Leonardo DiCaprio, Joseph Gordon-Levitt, Elliot Page, Ken Watanabe',NULL),(8,'Black Swan','https://upload.wikimedia.org/wikipedia/en/6/68/Black_Swan_poster.jpg',2010,'R',108,0,0,1,0,'Nina is a talented but unstable ballerina on the verge of stardom. Pushed to the breaking point by her artistic director and a seductive rival, Nina\'s grip on reality slips, plunging her into a waking nightmare.','Darren Aronofsky',' Natalie Portman, Mila Kunis, Vincent Cassel, Winona Ryder',NULL),(9,'Four Lions','https://upload.wikimedia.org/wikipedia/en/thumb/7/7a/Four_Lions_poster.jpg/220px-Four_Lions_poster.jpg',2010,'R',97,0,1,1,0,'Four incompetent British terrorists set out to train for and commit an act of terror.','Christopher Morris ',' Will Adamsdale, Riz Ahmed, Adeel Akhtar, Arsher Ali',NULL),(10,'The Wolf of Wall Street','https://upload.wikimedia.org/wikipedia/zh/thumb/7/7d/Wolf_of_wall_street.jpg/220px-Wolf_of_wall_street.jpg',2013,'R',180,0,0,1,0,'Based on the true story of Jordan Belfort, from his rise to a wealthy stock-broker living the high life to his fall involving crime, corruption and the federal government.','Martin Scorsese',' Leonardo DiCaprio, Jonah Hill, Margot Robbie, Matthew McConaughey',NULL),(11,'Mission: Impossible - Ghost Protocol','https://upload.wikimedia.org/wikipedia/en/b/b5/Mission_impossible_ghost_protocol.jpg',2011,'G',132,0,0,0,1,'The IMF is shut down when it\'s implicated in the bombing of the Kremlin, causing Ethan Hunt and his new team to go rogue to clear their organization\'s name.',' Brad Bird',' Tom Cruise, Jeremy Renner, Simon Pegg, Paula Patton',NULL),(12,'Drive','https://en.wikipedia.org/wiki/Drive_(2011_film)#/media/File:Drive2011Poster.jpg',2011,'R',100,0,0,1,1,'A mysterious Hollywood action film stuntman gets in trouble with gangsters when he tries to help his neighbor\'s husband rob a pawn shop while serving as his getaway driver.','Nicolas Winding Refn ',' Ryan Gosling, Carey Mulligan, Bryan Cranston, Albert Brooks',NULL),(13,' In Time','https://zh.wikipedia.org/zh-tw/%E6%BD%9B%E9%80%83%E6%99%82%E7%A9%BA#/media/File:In_Time-tw.jpg',2011,'G',109,0,0,0,1,'In a future where people stop aging at 25, but are engineered to live only one more year, having the means to buy your way out of the situation is a shot at immortal youth. Here, Will Salas finds himself accused of murder and on the run with a hostage - a connection that becomes an important part of the way against the system.',' Andrew Nicco',' Justin Timberlake, Amanda Seyfried, Cillian Murphy, Olivia Wilde',NULL),(14,'Captain America: The First Avenger','https://en.wikipedia.org/wiki/Captain_America:_The_First_Avenger#/media/File:Captain_America_The_First_Avenger_poster.jpg',2011,'PG-13',124,0,0,0,1,'Steve Rogers, a rejected military soldier, transforms into Captain America after taking a dose of a \"Super-Soldier serum\". But being Captain America comes at a price as he attempts to take down a warmonger and a terrorist organization.','Joe Johnston',' Chris Evans, Hugo Weaving, Samuel L. Jackson, Hayley Atwell',NULL),(15,'Transformers: Dark of the Moon','https://zh.wikipedia.org/zh-tw/%E8%AE%8A%E5%BD%A2%E9%87%91%E5%89%9B3#/media/File:Transformers_dark_of_the_moon_ver5.jpg',2011,'PG-13',154,0,0,0,1,'The Autobots learn of a Cybertronian spacecraft hidden on the moon, and race against the Decepticons to reach it and to learn its secrets.',' Michael Bay',' Chris Hemsworth, Anthony Hopkins, Natalie Portman, Tom Hiddleston',NULL),(16,'Pirates of the Caribbean: On Stranger Tides','https://en.wikipedia.org/wiki/Pirates_of_the_Caribbean:_At_World%27s_End#/media/File:Pirates_AWE_Poster.jpg',2011,'G',137,0,0,0,1,'Jack Sparrow and Barbossa embark on a quest to find the elusive fountain of youth, only to discover that Blackbeard and his daughter are after it too.','Rob Marshall ','Johnny Depp, Pen?lope Cruz, Ian McShane, Geoffrey Rush',NULL),(17,'Grown Ups','https://zh.wikipedia.org/zh-tw/%E4%BA%9E%E7%95%B6%E7%AD%89%E5%A4%A7%E4%BA%BA#/media/File:Grown_Ups_Poster.jpg',2010,'PG-13',102,0,1,0,0,'After their high school basketball coach passes away, five good friends and former teammates reunite for a Fourth of July holiday weekend.','Dennis Dugan',' Adam Sandler, Salma Hayek, Kevin James, Chris Rock',NULL),(18,'Knight and Day','https://en.wikipedia.org/wiki/Knight_and_Day#/media/File:Knight_and_day_09.jpg',2010,'PG-13',109,0,1,0,1,'A young woman gets mixed up with a disgraced spy who is trying to clear his name.',' James Mangold ',' Tom Cruise, Cameron Diaz, Peter Sarsgaard, Jordi Moll?',NULL),(19,' Love & Other Drugs','https://en.wikipedia.org/wiki/Love_%26_Other_Drugs#/media/File:Love_&_Other_Drugs_Poster.jpg',2010,'R',112,1,1,1,0,'In 1990s Pittsburgh, a medicine peddler starts a relationship with a young woman suffering from Parkinson\'s disease.','Edward Zwick',' Jake Gyllenhaal, Anne Hathaway, Judy Greer, Oliver Platt',NULL),(20,' RED','https://en.wikipedia.org/wiki/Red_(2010_film)#/media/File:Red_ver7.jpg',2010,'R',111,0,1,0,1,'When his peaceful life is threatened by a high-tech assassin, former black-ops agent Frank Moses reassembles his old team in a last-ditch effort to survive and uncover his assailants.','Robert Schwentke ',' Bruce Willis, Helen Mirren, Morgan Freeman, Mary-Louise Parker',NULL),(21,'Diary of a Wimpy Kid','https://en.wikipedia.org/wiki/Diary_of_a_Wimpy_Kid_(2021_film)#/media/File:Diary_of_a_Wimpy_Kid_(2021)_Official_Poster.jpg',2010,'PG',94,0,1,1,0,'Greg Heffley is a 12 year old who is fresh out of elementary and transitions to middle school, where he has to learn the consequences and responsibility to survive the year.','Thor Freudenthal ',' Zachary Gordon, Robert Capron, Rachael Harris, Steve Zahn',NULL),(22,'She\'s Out of My League','https://en.wikipedia.org/wiki/She%27s_Out_of_My_League#/media/File:Outofmyleague.jpg',2010,'R',104,1,1,0,0,'An average Joe meets the perfect woman, but his lack of confidence and the influence of his friends and family begin to pick away at the relationship.','Jim Field Smith ',' Jay Baruchel, Alice Eve, T.J. Miller, Mike Vogel',NULL),(23,'Flipped','https://en.wikipedia.org/wiki/Flipped_(2010_film)#/media/File:Flipped_poster.jpg',2010,'PG',90,1,1,1,0,'Two eighth-graders start to have feelings for each other despite being total opposites.',' Rob Reiner','Madeline Carroll, Callan McAuliffe, Rebecca De Mornay, Anthony Edwards',NULL),(24,'Leap Year','https://en.wikipedia.org/wiki/Leap_Year_(2010_film)#/media/File:Leap_year_poster.jpg',2010,'PG',100,1,1,0,0,'Anna Brady plans to travel to Dublin, Ireland to propose to her boyfriend Jeremy on February 29, leap day, because, according to Irish tradition, a man who receives a marriage proposal on a leap day must accept it.','Anand Tucker','Amy Adams, Matthew Goode, Adam Scott, John Lithgow',NULL),(25,'Dinner for Schmucks','https://en.wikipedia.org/wiki/Dinner_for_Schmucks#/media/File:Dinner_for_schmucks_ver2.jpg',2010,'PG',114,0,1,0,0,'After he finds out that his work superiors host a dinner celebrating the idiocy of their special guests, a rising executive questions the merits of his invitation just as he befriends a man who would be the perfect guest.','Jay Roach ',' Steve Carell, Paul Rudd, Stephanie Szostak, Zach Galifianakis',NULL),(26,'The Way','https://en.wikipedia.org/wiki/The_Way_(2010_film)#/media/File:The_Way_poster.png',2010,'PG-13',123,0,1,1,0,'A father heads overseas to recover the body of his estranged son who died while traveling the \"El camino de Santiago,\" and decides to take the pilgrimage himself.',' Emilio Estevez',' Martin Sheen, Emilio Estevez, Deborah Kara Unger, Yorick van Wageningen',NULL),(27,'Get Him to the Greek','https://en.wikipedia.org/wiki/Get_Him_to_the_Greek#/media/File:Get_Him_to_the_Greek.jpg',2010,'R',109,0,1,0,0,'A record company intern is hired to accompany out-of-control British rock star Aldous Snow to a concert at L.A.\'s Greek Theater.',' Nicholas Stoller',' Jonah Hill, Russell Brand, Elisabeth Moss, Rose Byrne',NULL),(28,'Due Date','https://en.wikipedia.org/wiki/Due_Date#/media/File:Due_Date_Poster.jpg',2010,'R',95,0,1,1,0,'High-strung father-to-be Peter Highman is forced to hitch a ride with aspiring actor Ethan Tremblay on a road trip in order to make it to his child\'s birth on time.','Todd Phillips ',' Robert Downey Jr., Zach Galifianakis, Michelle Monaghan, Jamie Foxx',NULL),(29,' Submarine','https://en.wikipedia.org/wiki/Submarine_(2010_film)#/media/File:Submarine_poster.jpg',2010,'R',97,1,1,1,0,'15-year-old Oliver Tate has two objectives: to lose his virginity before his next birthday, and to extinguish the flame between his mother and an ex-lover who has resurfaced in her life.',' Richard Ayoade',' Craig Roberts, Sally Hawkins, Paddy Considine, Noah Taylor',NULL),(30,'Valentine\'s Day','https://en.wikipedia.org/wiki/Valentine%27s_Day_(2010_film)#/media/File:Valentines_day_poster_10.jpg',2010,'PG',125,1,1,0,0,'Intertwining couples and singles in Los Angeles break-up and make-up based on the pressures and expectations of Valentine\'s Day.',' Garry Marshall ',' Julia Roberts, Jamie Foxx, Anne Hathaway, Jessica Alba',NULL),(31,'The Losers','https://en.wikipedia.org/wiki/The_Losers_(2010_film)#/media/File:TheLosers2010Poster.jpg',2010,'PG-13',97,0,1,0,1,'A CIA special forces team is betrayed and left for dead by their superiors, galvanizing them to mount an offensive on the CIA.',' Sylvain White','Idris Elba, Zoe Saldana, Jeffrey Dean Morgan, Chris Evans',NULL),(32,' How Do You Know','https://en.wikipedia.org/wiki/How_Do_You_Know#/media/File:How_Do_You_Know_Poster.jpg',2010,'PG-13',121,1,1,1,0,'After being cut from the U.S.A. softball team and feeling a bit past her prime, Lisa finds herself evaluating her life and in the middle of a love triangle, as a corporate guy in crisis competes with her current, baseball-playing beau.','James L. Brooks ',' Reese Witherspoon, Paul Rudd, Owen Wilson, Jack Nicholson',NULL),(33,'Fast Five','https://en.wikipedia.org/wiki/Fast_Five#/media/File:Fast_Five_poster.jpg',2010,'PG-13',130,0,0,0,1,'Dominic Toretto and his crew of street racers plan a massive heist to buy their freedom while in the sights of a powerful Brazilian drug lord and a dangerous federal agent.','Justin Lin',' Vin Diesel, Paul Walker, Dwayne Johnson, Jordana Brewster',NULL),(34,'Immortals','https://en.wikipedia.org/wiki/Immortals_(2011_film)#/media/File:Immortals_poster.jpg',2010,'R',110,0,0,1,1,'Theseus is a mortal man chosen by Zeus to lead the fight against the ruthless King Hyperion, who is on a rampage across Greece to obtain a weapon that can destroy humanity.','Tarsem Singh','Henry Cavill, Mickey Rourke, John Hurt, Stephen Dorff',NULL),(35,'Green Zone','https://en.wikipedia.org/wiki/Green_Zone_(film)#/media/File:Green_Zone_poster.jpg',2010,'PG-13',115,0,0,1,1,'Discovering covert and faulty intelligence causes a U.S. Army officer to go rogue as he hunts for Weapons of Mass Destruction in an unstable region.','Paul Greengrass ',' Matt Damon, Jason Isaacs, Greg Kinnear, Igal Naor',NULL),(36,'Letters to Juliet','https://en.wikipedia.org/wiki/Letters_to_Juliet#/media/File:Letters_to_juliet_poster.jpg',2010,'PG',105,0,1,1,0,'Sophie dreams of becoming a writer and travels to Verona, Italy where she meets the \"Secretaries of Juliet\".',' Gary Winick',' Amanda Seyfried, Gael Garc?a Bernal, Vanessa Redgrave, Marcia DeBonis',NULL),(37,'The Next Three Days','https://en.wikipedia.org/wiki/The_Next_Three_Days#/media/File:The_Next_Three_Days_Poster.jpg',2010,'G',133,0,0,1,1,'A married couple\'s life is turned upside down when the wife is accused of a murder.',' Paul Haggis',' Russell Crowe, Elizabeth Banks, Liam Neeson, Michael Buie',NULL),(38,'Animal Kingdom','https://en.wikipedia.org/wiki/Animal_Kingdom_(film)#/media/File:Animal_kingdom_poster.jpg',2010,'R',113,0,0,1,0,'A seventeen-year-old navigates his survival amongst an explosive criminal family and the detective who thinks he can save him.',' David Mich?d',' James Frecheville, Guy Pearce, Joel Edgerton, Bryce Lindemann',NULL),(39,'The Man from Nowhere','https://en.wikipedia.org/wiki/The_Man_from_Nowhere_(2010_film)#/media/File:The_Man_from_Nowhere_poster.jpg',2010,'R',119,0,0,1,1,'A quiet pawnshop keeper with a violent past takes on a drug-and-organ trafficking ring in hope of saving the child who is his only friend.',' Jeong-beom Lee ','Won Bin, Kim Sae-ron, Kim Tae-hoon, Kim Hee-won',NULL),(40,'The Last Song','https://en.wikipedia.org/wiki/The_Last_Song_(2010_film)#/media/File:LastSongposterMarch31.png',2010,'PG',108,1,0,1,0,'A rebellious girl is sent to a Southern beach town for the summer to stay with her father. Through their mutual love of music, the estranged duo learn to reconnect.','Julie Anne Robinson','Miley Cyrus, Liam Hemsworth, Greg Kinnear, Bobby Coleman',NULL),(41,'The Kids Are All Right','https://en.wikipedia.org/wiki/The_Kids_Are_All_Right_(film)#/media/File:Kids_are_all_right_poster.jpg',2010,'R',106,1,1,1,0,'Two children conceived by artificial insemination bring their biological father into their non-traditional family life.',' Lisa Cholodenko',' Annette Bening, Julianne Moore, Mark Ruffalo, Mia Wasikowska',NULL),(42,' Greenberg','https://en.wikipedia.org/wiki/Greenberg_(film)#/media/File:Greenberg_poster.jpg',2010,'R',107,1,1,1,0,'A man from Los Angeles, who moved to New York years ago, returns to L.A. to figure out his life while he house-sits for his brother. He soon sparks with his brother\'s assistant.',' Noah Baumbach ',' Ben Stiller, Greta Gerwig, Jennifer Jason Leigh, Rhys Ifans',NULL),(43,'Life as We Know It','https://en.wikipedia.org/wiki/Life_as_We_Know_It_(film)#/media/File:Life_as_We_Know_It_Poster.jpg',2010,'PG-13',115,1,1,1,0,'Two single adults become caregivers to an orphaned girl when their mutual best friends die in an accident.','Greg Berlanti ',' Katherine Heigl, Josh Duhamel, Josh Lucas, Alexis Clagett',NULL),(44,' Secretariat','https://en.wikipedia.org/wiki/Secretariat_(film)#/media/File:Secretariatposter.jpg',2010,'PG',123,0,0,1,0,'Penny Chenery Tweedy and colleagues guide her long-shot but precocious stallion to set, in 1973, the unbeaten record for winning the Triple Crown.',' Randall Wallace',' Diane Lane, John Malkovich, Margo Martindale, Nelsan Ellis',NULL),(45,'Just Go with It','https://en.wikipedia.org/wiki/Just_Go_with_It#/media/File:Just_Go_with_It_Poster.jpg',2011,'PG-13',117,1,1,0,0,'On a weekend trip to Hawaii, a plastic surgeon convinces his loyal assistant to pose as his soon-to-be-divorced wife in order to cover up a careless lie he told to his much-younger girlfriend.',' Dennis Dugan ',' Adam Sandler, Jennifer Aniston, Brooklyn Decker, Nicole Kidman',NULL),(46,'The Help','https://en.wikipedia.org/wiki/The_Help_(film)#/media/File:The_Help_(2011_film).jpg',2011,'G',146,0,0,1,0,'An aspiring author during the civil rights movement of the 1960s decides to write a book detailing the African American maids\' point of view on the white families for which they work, and the hardships they go through on a daily basis.',' Tate Taylor',' Viola Davis, Emma Stone, Octavia Spencer, Bryce Dallas Howard',NULL),(47,' Sleeping Beauty','https://en.wikipedia.org/wiki/Sleeping_Beauty_(2011_film)#/media/File:Sleeping_Beauty_film.jpg',2011,'R',130,1,0,1,0,'A haunting portrait of Lucy, a young university student drawn into a mysterious hidden world of unspoken desires.',' Julia Leigh',' Emily Browning, Rachael Blake, Ewen Leslie, Bridgette Barrett',NULL),(48,'Thor','https://en.wikipedia.org/wiki/Thor_(film)#/media/File:Thor_(film)_poster.jpg',2011,'PG-13',115,0,0,0,1,'The powerful but arrogant god Thor is cast out of Asgard to live amongst humans in Midgard (Earth), where he soon becomes one of their finest defenders',' Kenneth Branagh',' Chris Hemsworth, Anthony Hopkins, Natalie Portman, Tom Hiddleston',NULL),(49,'The Hangover Part II','https://en.wikipedia.org/wiki/The_Hangover_Part_II#/media/File:HangoverPart2MP2011.jpg',2011,'R',102,0,1,0,0,'Two years after the bachelor party in Las Vegas, Phil, Stu, Alan, and Doug jet to Thailand for Stu\'s wedding. Stu\'s plan for a subdued pre-wedding brunch, however, goes seriously awry.','Todd Phillips',' Bradley Cooper, Zach Galifianakis, Ed Helms, Justin Bartha',NULL),(50,'Haywire','https://en.wikipedia.org/wiki/Haywire_(2011_film)#/media/File:Haywire_Poster.jpg',2011,'R',93,0,0,1,1,'A black ops super soldier seeks payback after she is betrayed and set up during a mission.',' Steven Soderbergh',' Gina Carano, Ewan McGregor, Michael Fassbender, Michael Angarano',NULL);
/*!40000 ALTER TABLE `movie20230706` ENABLE KEYS */;
UNLOCK TABLES;

--
-- Table structure for table `user_rating_list`
--

DROP TABLE IF EXISTS `user_rating_list`;
/*!40101 SET @saved_cs_client     = @@character_set_client */;
/*!50503 SET character_set_client = utf8mb4 */;
CREATE TABLE `user_rating_list` (
  `rating_list_id` int(11) DEFAULT NULL,
  `user_account` varchar(20) NOT NULL,
  `user_rating_movie_name` varchar(100) NOT NULL,
  `user_rating_movie_stars` int(11) DEFAULT NULL,
  `user_rating_movie_comments` varchar(50) DEFAULT NULL,
  PRIMARY KEY (`user_account`,`user_rating_movie_name`),
  KEY `user_rating_movie_name` (`user_rating_movie_name`),
  CONSTRAINT `user_rating_list_ibfk_1` FOREIGN KEY (`user_account`) REFERENCES `userdata` (`user_account`),
  CONSTRAINT `user_rating_list_ibfk_2` FOREIGN KEY (`user_rating_movie_name`) REFERENCES `movie` (`movie_name`)
) ENGINE=InnoDB DEFAULT CHARSET=utf8mb4 COLLATE=utf8mb4_0900_ai_ci;
/*!40101 SET character_set_client = @saved_cs_client */;

--
-- Dumping data for table `user_rating_list`
--

LOCK TABLES `user_rating_list` WRITE;
/*!40000 ALTER TABLE `user_rating_list` DISABLE KEYS */;
INSERT INTO `user_rating_list` VALUES (9,'1234','Batman Returns',4,'Dark and stylish'),(NULL,'1234','Doc Hollywood',4,NULL),(NULL,'1234','Dragon: The Bruce Lee Story',1,NULL),(1,'1234','Memphis Belle',4,'Great movie!'),(17,'1234','Men in Black',4,'Fun and entertaining'),(NULL,'1234','Spy Hard',NULL,'Disappointing spoof 465sdfsfasd'),(NULL,'1234','Starship Troopers',NULL,'Sci-fi action123465'),(25,'1234','To Wong Foo Thanks for Everything, Julie Newmar',4,'Empowering story'),(NULL,'2345','But I\'m a Cheerleader',1,NULL),(13,'2345','Teenage Mutant Ninja Turtles III',2,'Weakest installment'),(5,'2345','Terminator 2: Judgment Day',1,'Epic sci-fi'),(21,'2345','The Addams Family',4,'Ghoulishly delightful'),(29,'2345','The Shawshank Redemption',5,'Masterpiece'),(23,'32345t623','Encino Man',2,'Silly but entertaining'),(15,'32345t623','Spy Hard',2,'Disappointing spoof'),(7,'32345t623','Teenage Mutant Ninja Turtles',NULL,'Childhood favorite'),(12,'4321','Dragon: The Bruce Lee Story',4,'Inspiring biography'),(20,'4321','Green Card',3,'Quirky romantic comedy'),(4,'4321','Men at Work',2,'Disappointing'),(28,'4321','The Man Without a Face',3,'Emotional drama'),(24,'432145','Dumb and Dumber',4,'Stupidly funny'),(16,'432145','Starship Troopers',3,'Sci-fi action'),(8,'432145','Teenage Mutant Ninja Turtles II: The Secret of the Ooze',3,'Entertaining sequel'),(22,'432556','Doc Hollywood',3,'Feel-good comedy'),(30,'432556','Forrest Gump',5,'Heartwarming journey'),(6,'432556','Point Break',4,'Thrilling action'),(14,'432556','The Mask',4,'Hilarious comedy'),(NULL,'aarron','1492: Conquest of Paradise',4,'good'),(NULL,'aarron','Four Lions',4,'interesting story'),(NULL,'aarron','Home Alone',3,'that is a great movie'),(NULL,'aarron','Star Trek: First Contact',3,'good'),(NULL,'aarron','Starship Troopers',4,'excellent story'),(NULL,'aarron','The Three Musketeers',4,'wonderful'),(2,'clark84322','Another 48 Hrs.',3,'Average movie'),(NULL,'clark84322','Buffy the Vampire Slayer',2,'不錯的電影'),(26,'clark84322','Jumanji',3,'Adventurous fantasy !!!!!!'),(NULL,'clark84322','Payback',4,'好看的電影'),(18,'clark84322','Pretty Woman',4,'Charming romance'),(10,'clark84322','Under Siege',3,'Classic action'),(NULL,'kykyky','Forrest Gump',1,'讚'),(NULL,'kykyky','Jurassic Park',2,NULL),(3,'qwe84322','Hard to Kill',4,'Action-packed'),(19,'qwe84322','Home Alone',5,'Holiday classic'),(27,'qwe84322','Jerry Maguire',4,'Inspirational sports drama'),(11,'qwe84322','Jurassic Park',5,'Revolutionary special effects');
/*!40000 ALTER TABLE `user_rating_list` ENABLE KEYS */;
UNLOCK TABLES;

--
-- Table structure for table `user_watch_list`
--

DROP TABLE IF EXISTS `user_watch_list`;
/*!40101 SET @saved_cs_client     = @@character_set_client */;
/*!50503 SET character_set_client = utf8mb4 */;
CREATE TABLE `user_watch_list` (
  `watch_list_id` int(11) DEFAULT NULL,
  `user_account` varchar(20) NOT NULL,
  `user_watch_movie_name` varchar(100) NOT NULL,
  PRIMARY KEY (`user_account`,`user_watch_movie_name`),
  KEY `user_account` (`user_account`),
  KEY `user_watch_movie_name` (`user_watch_movie_name`),
  CONSTRAINT `user_watch_list_ibfk_1` FOREIGN KEY (`user_account`) REFERENCES `userdata` (`user_account`),
  CONSTRAINT `user_watch_list_ibfk_2` FOREIGN KEY (`user_watch_movie_name`) REFERENCES `movie` (`movie_name`)
) ENGINE=InnoDB DEFAULT CHARSET=utf8mb4 COLLATE=utf8mb4_0900_ai_ci;
/*!40101 SET character_set_client = @saved_cs_client */;

--
-- Dumping data for table `user_watch_list`
--

LOCK TABLES `user_watch_list` WRITE;
/*!40000 ALTER TABLE `user_watch_list` DISABLE KEYS */;
INSERT INTO `user_watch_list` VALUES (9,'1234','Batman Returns'),(1,'1234','Memphis Belle'),(17,'1234','Men in Black'),(25,'1234','To Wong Foo Thanks for Everything, Julie Newmar'),(13,'2345','Teenage Mutant Ninja Turtles III'),(5,'2345','Terminator 2: Judgment Day'),(21,'2345','The Addams Family'),(29,'2345','The Shawshank Redemption'),(23,'32345t623','Encino Man'),(15,'32345t623','Spy Hard'),(7,'32345t623','Teenage Mutant Ninja Turtles'),(12,'4321','Dragon: The Bruce Lee Story'),(20,'4321','Green Card'),(4,'4321','Men at Work'),(28,'4321','The Man Without a Face'),(24,'432145','Dumb and Dumber'),(16,'432145','Starship Troopers'),(8,'432145','Teenage Mutant Ninja Turtles II: The Secret of the Ooze'),(22,'432556','Doc Hollywood'),(30,'432556','Forrest Gump'),(6,'432556','Point Break'),(14,'432556','The Mask'),(NULL,'aarron',' Submarine'),(NULL,'aarron','Backdraft'),(NULL,'aarron','Dinner for Schmucks'),(NULL,'aarron','Jurassic Park'),(NULL,'aarron','Starship Troopers'),(2,'clark84322','Another 48 Hrs.'),(26,'clark84322','Jumanji'),(18,'clark84322','Pretty Woman'),(10,'clark84322','Under Siege'),(NULL,'kykyky','Forrest Gump'),(3,'qwe84322','Hard to Kill'),(19,'qwe84322','Home Alone'),(27,'qwe84322','Jerry Maguire'),(11,'qwe84322','Jurassic Park');
/*!40000 ALTER TABLE `user_watch_list` ENABLE KEYS */;
UNLOCK TABLES;

--
-- Table structure for table `userdata`
--

DROP TABLE IF EXISTS `userdata`;
/*!40101 SET @saved_cs_client     = @@character_set_client */;
/*!50503 SET character_set_client = utf8mb4 */;
CREATE TABLE `userdata` (
  `user_account` varchar(20) NOT NULL,
  `user_password` varchar(20) DEFAULT NULL,
  `user_mail` varchar(100) DEFAULT NULL,
  PRIMARY KEY (`user_account`)
) ENGINE=InnoDB DEFAULT CHARSET=utf8mb4 COLLATE=utf8mb4_0900_ai_ci;
/*!40101 SET character_set_client = @saved_cs_client */;

--
-- Dumping data for table `userdata`
--

LOCK TABLES `userdata` WRITE;
/*!40000 ALTER TABLE `userdata` DISABLE KEYS */;
INSERT INTO `userdata` VALUES ('1234','1234',NULL),('2345','asd8743',NULL),('32345t623','asd8743',NULL),('4321','asd8743',NULL),('432145','asd8743',NULL),('432556','asd8743',NULL),('aarron','aarron','cfjskd@fsdfd'),('clark84322','ricky8743',NULL),('kykyky','kykyky','dsfsd@fdsfds'),('qwe84322','asd8743',NULL);
/*!40000 ALTER TABLE `userdata` ENABLE KEYS */;
UNLOCK TABLES;

--
-- Dumping routines for database 'javaconnect'
--
/*!40103 SET TIME_ZONE=@OLD_TIME_ZONE */;

/*!40101 SET SQL_MODE=@OLD_SQL_MODE */;
/*!40014 SET FOREIGN_KEY_CHECKS=@OLD_FOREIGN_KEY_CHECKS */;
/*!40014 SET UNIQUE_CHECKS=@OLD_UNIQUE_CHECKS */;
/*!40101 SET CHARACTER_SET_CLIENT=@OLD_CHARACTER_SET_CLIENT */;
/*!40101 SET CHARACTER_SET_RESULTS=@OLD_CHARACTER_SET_RESULTS */;
/*!40101 SET COLLATION_CONNECTION=@OLD_COLLATION_CONNECTION */;
/*!40111 SET SQL_NOTES=@OLD_SQL_NOTES */;

-- Dump completed on 2023-07-17 17:49:13
